sha256	bytes	path
eb1f7f13287032f6253657d38d73641f6f272c18edfabcaff8c423efc410059d	127	META-INF/MANIFEST.MF
a7fb9d39b0315c18b514a9fecce71c165ae8c7d1a6106da7bce72ffbbd60fff0	94	META-INF/context.xml
2b83d932056473869e2719611e43db149200fac0ec590d5efdb428926e2c8f9d	102	META-INF/maven/net.sf/xplanner-plus/pom.properties
9326c4d282ceb3c6ed391a5b45b3b162e5c804930d893b27e8c85e483ce82dbb	29677	META-INF/maven/net.sf/xplanner-plus/pom.xml
f9a3a9da813f5d81a3448596cb7289faab5833449d6f4f6e533ac2b2a4d031ef	2135	META-INF/releaseNotes.txt
85a4ef5e24e4a6e33fd9e62314da08811f155fa5d391e3896479c95e9837ff28	14628	WEB-INF/action-servlet.xml
70ec8470782b080053e1910e3c6cf5faa1c9a7d270caa8935c5822a3e3e5380d	17790	WEB-INF/cewolf-1.1.tld
546bbf5c9d844de480359dccc776871f044dde30fad8eed4c9896a48497590ab	328	WEB-INF/classes/EmailResourceBundle.properties
51f7993d003c5675682fbf19972138d50a555f004dc9fc85f3bda549d90c75e9	36686	WEB-INF/classes/ResourceBundle--.properties
58987ed1fe362c678acaa2b844ed827f3b75bf606d301e5041a6d86bb780cceb	37248	WEB-INF/classes/ResourceBundle.properties
b4494fbc8de3f0c05b5335c55e81a336f2c242dcb5ba52ce0f0ee4d728aa536e	12664	WEB-INF/classes/ResourceBundle_da.properties
3bc24d5f3133a16871a731e4de1f498de7386e084b8faefecf502d1fa7da59a9	37424	WEB-INF/classes/ResourceBundle_de.properties
fdd1afcf699c371f4447a8df464b22db0ddcb92e2b952f69545d5c799019bad8	10332	WEB-INF/classes/ResourceBundle_es.properties
b177b522e49a042dc8da9f91fb00b47313aa4aa66314aa0aeb322c7fe4ea5760	12434	WEB-INF/classes/ResourceBundle_fr.properties
6f09360c61b440f8f6efc02481a5eaecf124c9bdb0093f40e2359c395cad87ef	19771	WEB-INF/classes/ResourceBundle_it.properties
9347ebf7e82e45d4e8819b8516a28f08108a3cecd3b3ef7e78a7aa65ce089cc1	82420	WEB-INF/classes/ResourceBundle_ja.properties
10c8c7c9e1790435e15c7e2d7ef99e8b7f5b9eb64338caf5269364affd9619bf	15217	WEB-INF/classes/ResourceBundle_pt_br.properties
832d5f0e5b2a8875338fb3a63bf3618e4c1a5b16faced92cb496d61ae0b41d15	46994	WEB-INF/classes/ResourceBundle_ru.properties
e0db4ff8d401bc0e251fdb0d11640cc7df35e6d872d1aff3799696a08d03c499	1457	WEB-INF/classes/com/sabre/security/jndi/AuthenticationException.class
02344f57c4f29b225cc5b2f6c12e45293fbe3002430c0965b0faa80408ff1435	1126	WEB-INF/classes/com/sabre/security/jndi/JNDIAuthenticator.class
3d922d39ed8add8cd46b0f4f190d25dc04a66728ddd82f7d9af062e2ce7ebb48	878	WEB-INF/classes/com/sabre/security/jndi/JNDIAuthenticatorImpl$1.class
7fc9d08232bd25fd43ee18c680022b999789186cc2ac23ee44de9e52e6dcf5e6	18590	WEB-INF/classes/com/sabre/security/jndi/JNDIAuthenticatorImpl.class
e2f3a9a4799c6c382842357500313c13f50fccf4ee43a02e4a72a372e1b51f11	625	WEB-INF/classes/com/sabre/security/jndi/User.class
494c4a3f0411cba84ce360e4bde85c0a557137a02f8fbfb28dbe7fddf6945d6a	3732	WEB-INF/classes/com/sabre/security/jndi/util/Base64.class
61ecd550233d35951d4fbd5a3e1bc7258b705ce4776766d243e39058b07fd8ec	3594	WEB-INF/classes/com/sabre/security/jndi/util/HexUtils.class
94bee798f6accd48df75896a6459914b00d42ee4d0879eeeebce0f5b036eb5a0	3222	WEB-INF/classes/com/tacitknowledge/util/migration/jdbc/AutopatchSupport.class
6592b7563169ab7bd60beaa7bf36952b0cbf824cbbe52a61189eb3ddb33604c7	775	WEB-INF/classes/com/tacitknowledge/util/migration/jdbc/HsqlAwareStandaloneMigrationLauncher.class
0bdb5fd9aed7a75b3b0e4111d5c34cc0c32bc0521d9c854170a978d5877eacb9	2745	WEB-INF/classes/com/tacitknowledge/util/migration/jdbc/MigrationInformation.class
1ec0a619cf545cfe24c9c138737e0e4e9ee1aaa592e93f868666fd8d68374e86	1850	WEB-INF/classes/com/tacitknowledge/util/migration/jdbc/MigrationLauncherFactoryLoader.class
cb32526c1565d56885e384354d1285a8c30ae5235550f52b7b4089323dfc0102	2620	WEB-INF/classes/com/tacitknowledge/util/migration/jdbc/StandaloneMigrationLauncher.class
04dc6d0316f899d5da22bb11c7fd265e0c39ad104d6104ddb3cfb1b7275e677d	1924	WEB-INF/classes/com/tacitknowledge/util/migration/jdbc/UpdatePatchLevel.class
fa9142d089ae689713398b9243ee10ef2a685833528db4dd7c7fa364b257b123	908	WEB-INF/classes/com/tacitknowledge/util/migration/jdbc/hsqldb.properties
245f47a5a3c30b9c687448b08b65b1aae1791366d1ffdfebf5e26c62bf46d008	143	WEB-INF/classes/com/technoetic/xplanner/Command.class
780ed855a43bd9944c77e31d148b715f8169747a2a8a097426faae95e5d1c07f	1246	WEB-INF/classes/com/technoetic/xplanner/DomainSpecificProperties$1.class
b878746078864bf6349c9b590c089df7289fb7451f1f7c7cdde1da7505e6a018	1737	WEB-INF/classes/com/technoetic/xplanner/DomainSpecificProperties$GetAttributeHibernateCallback.class
588c091c8ca1889ddc0a8323f2b599604619476b7ddebdc8385499597c577249	3743	WEB-INF/classes/com/technoetic/xplanner/DomainSpecificProperties.class
9034d5fc1e3e074d2680a5e32f369eba6843e2fab049c8e62d9ade0d8c0f4fd8	1034	WEB-INF/classes/com/technoetic/xplanner/DomainSpecificPropertiesFactory.class
8ed5b85673821b3e78ef3f9a5f8ac10d344f5d57892ed7994fb6dd07f55355b7	1124	WEB-INF/classes/com/technoetic/xplanner/SystemInfo$1.class
24bb683dbd661185b90c22c2e606119d139fa27f1586ccad3df0771e6b42df59	1128	WEB-INF/classes/com/technoetic/xplanner/SystemInfo$2.class
b12c61e92efa9f784b833a59f94cd2ac6e2a9869d9f16bb1da91e0df8a6d9fbe	1093	WEB-INF/classes/com/technoetic/xplanner/SystemInfo$3.class
f73429483dc4be6720681a6cea909377c27d8976e1fe3db61e8ec1e049428583	8792	WEB-INF/classes/com/technoetic/xplanner/SystemInfo.class
f57db300017b9ab912857d71070b2d56c23ad64d26e4e42d41da68d3c9106b5f	2590	WEB-INF/classes/com/technoetic/xplanner/XPlannerProperties$PropertyInitializer.class
0d09a8c93cfa47f20e468a7a2e02d96f982f865d5a917ce1df9954a1e32b5221	3641	WEB-INF/classes/com/technoetic/xplanner/XPlannerProperties.class
4e05461c000a8a581d5a3e936fafce24ce06fdc3bdafdc59a6a45ce40d64f9cd	2297	WEB-INF/classes/com/technoetic/xplanner/actions/AbstractAction$1.class
1573261fe5f634de775885e41d4f355cbaaca5e8808b51ccc710abb435218539	12402	WEB-INF/classes/com/technoetic/xplanner/actions/AbstractAction.class
779bcadcbc517217f1c2cb883bc32c28f8054e903fed9af0f811c8210c5b5ebb	1007	WEB-INF/classes/com/technoetic/xplanner/actions/AbstractIterationAction.class
925fba513b6a8808d911ccd41fd5ee6ce2d0b965691bfc0b4d8b1d6f8cc7b089	5040	WEB-INF/classes/com/technoetic/xplanner/actions/AuthenticationAction.class
dad3eb5c1459d430195f9ebddabdb6c4bf07813000b1c5447a9510cd56d59529	2019	WEB-INF/classes/com/technoetic/xplanner/actions/ChangeLocaleAction.class
eec3ffee4d167e119fc793ffd52d137a80198f973feeeaecb64b54a2a6519000	5143	WEB-INF/classes/com/technoetic/xplanner/actions/CloseIterationAction.class
62699210d9d89b1268c5d7e49c14cef1017eb06f1c19614df380c15fd5971e49	1657	WEB-INF/classes/com/technoetic/xplanner/actions/CommandExecutorAction.class
db6c90276daa60b63fab91a4d6a30219324cd0934985da780c0d402ebe179736	5138	WEB-INF/classes/com/technoetic/xplanner/actions/ContentSearchAction.class
852575fe5c00e65e29a713660430fcd205799ca4595f9a1c0fecb178ba497788	7031	WEB-INF/classes/com/technoetic/xplanner/actions/ContinueUnfinishedStoriesAction.class
b2ec59810aed0d532db07c5afa78e84883aca47480368472b9851f0f4edfefa4	8889	WEB-INF/classes/com/technoetic/xplanner/actions/Continuer.class
cbbc0d04b0867cce6a43243a9fd4392ee8135d49ee0ee1ca0bae47d4c6adce25	2564	WEB-INF/classes/com/technoetic/xplanner/actions/DeleteNoteAction.class
c5b6df25c2cc8d8098f9c1aeaf37fbec3e4203d9eed6c61871de2d6d87681e3a	3003	WEB-INF/classes/com/technoetic/xplanner/actions/DeleteObjectAction.class
62ecb3b8cb1a1bf24a3313e52c6dfa0da555de4f4473e92a960d5a885c6b0eef	3628	WEB-INF/classes/com/technoetic/xplanner/actions/DispatchForward.class
f4ac5cbe7d539f514a851439411388f0e6bb19173d8be2610d700de2d6d6bf6f	1032	WEB-INF/classes/com/technoetic/xplanner/actions/DomainOrderer.class
b4a6f09d4dec9eab3394791fe6b90fb9ca266d00021a0b642e7c40dd92782a35	4821	WEB-INF/classes/com/technoetic/xplanner/actions/DownloadAttachmentAction.class
426de88525516604453d3a1b7b43f6e6136e176f443b7b1c0ec3f8a652628b6b	3477	WEB-INF/classes/com/technoetic/xplanner/actions/EditIterationAction.class
e59af6f49bdb31e222f19469d04b28a0e9fd59a0b98d1516f9ce3c4ac3cfdcf6	3498	WEB-INF/classes/com/technoetic/xplanner/actions/EditNoteAction.class
410dde782916b74dfdd59704802be53ed604083f919cf46fcdaf062826c928cb	10524	WEB-INF/classes/com/technoetic/xplanner/actions/EditObjectAction.class
b47851ca466f6d8b2e09ef60d2f94d0669111d705ddc1609a6c3f170926146d2	4449	WEB-INF/classes/com/technoetic/xplanner/actions/EditPersonAction.class
32e3a9698b59c9e3096d62f3f92c16951d39481fb476a61ddab80dc56b321dea	4942	WEB-INF/classes/com/technoetic/xplanner/actions/EditPersonHelper.class
5028a30eae7860c596aab4a575cd109ea7b209bd765f0e375d1b8dbe0d9fbdbc	7146	WEB-INF/classes/com/technoetic/xplanner/actions/EditProjectAction.class
f4f9a3dc95d13b551654a81f61297e7c959ae2cdd7bcbb85f1a9034b38905428	2338	WEB-INF/classes/com/technoetic/xplanner/actions/EditPropertiesAction.class
cf89e96d3740383b336869f5df76f7d16af11a19e3078e73e74ce027598ee546	4556	WEB-INF/classes/com/technoetic/xplanner/actions/EditRoleAction.class
006bdcdd96f06b9f474b2505c5831c99451b3d890a1119d42528e29776b03052	4233	WEB-INF/classes/com/technoetic/xplanner/actions/EditStoryAction.class
e00873070b1f2a2361f62e4098ae49aa930f62797fe972bf196a862f69837605	7299	WEB-INF/classes/com/technoetic/xplanner/actions/EditTaskAction.class
e79f926dbdfaae4af37b99f70f9c21bc068fd5672d2919d748c804cd6fee62e4	1432	WEB-INF/classes/com/technoetic/xplanner/actions/ExceptionHandler.class
71069505dee7bc3dc09bc9cf6bf940ca8b237a0093de257765314ba2407595f9	3045	WEB-INF/classes/com/technoetic/xplanner/actions/ExportAction.class
7b3c4845b03462dc342fbc9c00568fce35c28c120cf28b2fd61721eb82ea30db	5726	WEB-INF/classes/com/technoetic/xplanner/actions/FileManagerAction.class
b13d418a503327646255d3e5e3f113ff08c5d71e4d31aaed2d51497e178cb145	3453	WEB-INF/classes/com/technoetic/xplanner/actions/IdSearchAction.class
67551a7126f4fb6157bd66d241bd9d94c8a5cee79612814602f1c93aa2960e8d	1614	WEB-INF/classes/com/technoetic/xplanner/actions/ImportPeopleAction$1.class
5baa308acbbcf7b5abfb16ca593d15e3b163c81a5c345454be41d3f40016ec48	728	WEB-INF/classes/com/technoetic/xplanner/actions/ImportPeopleAction$PeopleImportException.class
338fe31fd92db5ae28853cc22cd0cb384d6ab9b282e52f50ccde3415fcb0a90b	6379	WEB-INF/classes/com/technoetic/xplanner/actions/ImportPeopleAction.class
567e868d8c9c2914f969ed4f17ea59f953090cc245f8c7e9e58cba4a621dcbf7	8346	WEB-INF/classes/com/technoetic/xplanner/actions/ImportStoriesAction.class
7e9e8b2933eec4c7e1abdc3ef63b9808a92873f444c025943ca904f6f4e4e558	12106	WEB-INF/classes/com/technoetic/xplanner/actions/IntegrationAction.class
1fe5fc1f12af14dd7fd6900c9378a725fd36d215f3ad793bb0e5ad7a5e95cb60	3577	WEB-INF/classes/com/technoetic/xplanner/actions/IntegrationEmailNotifier.class
327110344a9394ffab92533edf06173e3f310ec654089ad872a623d45455b328	326	WEB-INF/classes/com/technoetic/xplanner/actions/IntegrationListener.class
e084f45d7953e25c822d4d9760117fa7b5ebae27f6a5e68c9de0f87176949502	1774	WEB-INF/classes/com/technoetic/xplanner/actions/LogoutAction.class
b4bf45cd2b94d52d71e5ff1115d128025862d517620ba685e80a86e1ec539f50	4153	WEB-INF/classes/com/technoetic/xplanner/actions/MoveContinueStory.class
d1a1ca882299ddc534d5768aa2df94c54da09d82fdd14d46028c5da30c4fbc6f	6245	WEB-INF/classes/com/technoetic/xplanner/actions/MoveContinueStoryAction.class
10cee1c6fe38211114cb13af6078e53f379efc04a17a9909b94a1369a9f25430	8667	WEB-INF/classes/com/technoetic/xplanner/actions/MoveContinueTaskAction.class
6fe4e753d290d8fea77a87f67a919c79f4f6c7fa7a8f8cdd1f18952d45f2cfcb	4300	WEB-INF/classes/com/technoetic/xplanner/actions/MoveStoriesAction.class
b4c7652f88bf59e5062ab66e87728a650222ba00231d08bc8d6a1d3da5b702ec	2410	WEB-INF/classes/com/technoetic/xplanner/actions/PutTheClockForwardAction.class
715b2f7b7b87b1f524b479c2ad7d3bb2c44332ae95174fc853608fda3d9bb3e3	2695	WEB-INF/classes/com/technoetic/xplanner/actions/ReorderStoriesAction.class
39455063ca91ddb86876a71d25902497646236a1bbd950a22adba876a2cdc3dd	2186	WEB-INF/classes/com/technoetic/xplanner/actions/SearchResultAuthorizationPredicate.class
6d5b8d89dcb06c523f8aec19e4a58fafe16bed840cad1c8f4fa4b1bfe3ec33e9	7618	WEB-INF/classes/com/technoetic/xplanner/actions/StartIterationAction.class
5242cb25745793940ece12590924832fc6326984303f55b970603a3e2adc6f88	4442	WEB-INF/classes/com/technoetic/xplanner/actions/StoryContinuer.class
4023c1e8755d24297826161e0bdff25e0b1b7249c71111df8a296371a230676e	1343	WEB-INF/classes/com/technoetic/xplanner/actions/SystemInfoAction.class
3bbf46cdfd41a920ded00dd2b1d61e3373c4889019b789db268a4a8d1746bf2c	2749	WEB-INF/classes/com/technoetic/xplanner/actions/TaskContinuer.class
f1774f38e5f538bac76cfa2aca15da78046f0825c0d566d2773dc9eea82caccb	14323	WEB-INF/classes/com/technoetic/xplanner/actions/UpdateTimeAction.class
0e11369666742b48d347e07601c7beb543da2963ec07a5767eb23ebccb93f496	5439	WEB-INF/classes/com/technoetic/xplanner/actions/UpdateTimeNotificationReceivers.class
e2c4dd7812f941793c811caedad77f51ac8d5632f41fe124a4ed3acf49a740dd	3824	WEB-INF/classes/com/technoetic/xplanner/actions/ViewAggregateTimesheetAction.class
f8bf65d189d613b26fb1c94839fec59a8c81e7a5ffdab9e8a388c7d0a8391add	2457	WEB-INF/classes/com/technoetic/xplanner/actions/ViewIterationMetricsAction.class
0d44869d409f087cd14d5ba9524fb221cbc7aa77546db0466a9128d48537a700	3560	WEB-INF/classes/com/technoetic/xplanner/actions/ViewObjectAction.class
37e89ac3c515c255e7b5ce4a66826fb95ebed3292249cb1519395d5fc198e67c	3323	WEB-INF/classes/com/technoetic/xplanner/actions/ViewPersonAction.class
5a02597776c8299d9a0bb668c99674a96128456b8345ef0a3e7d51e3679e7f7a	3499	WEB-INF/classes/com/technoetic/xplanner/actions/ViewTimesheetAction.class
55eece3e1d092cad336da9c0a4be6b30c38245941462dc1710543bf352a1689a	1952	WEB-INF/classes/com/technoetic/xplanner/actions/admin/InvalidateCacheAction.class
30d522f8ef1809b896dc0ac83d9651e263b4604c3796ebc58c8e795d3c47fd95	1554	WEB-INF/classes/com/technoetic/xplanner/actions/admin/InvalidateHibernateCacheAction.class
d3ed82e1084ae26d3f2c0943bc0d52c51b1d235b83ff9d38d573117bcd2bcdc0	875	WEB-INF/classes/com/technoetic/xplanner/charts/BorderPostProcessor.class
5b7d5c8b896421f3f20df83c10d5be59e4f9db203b9d92f9c91697ca8d5c409d	939	WEB-INF/classes/com/technoetic/xplanner/charts/CategoryPostProcessor.class
c243b69d0f89c05d96337027d145555f910d9c199c671cb83f9cf067dcae70cf	2604	WEB-INF/classes/com/technoetic/xplanner/charts/DataSample2.class
c22ea0c953961fa84ee4d38e46ba1496ac58b9aa16301607a74db061b420aa3f	6467	WEB-INF/classes/com/technoetic/xplanner/charts/DataSampleData.class
21f67ec7cef52c0f25079acdb3cc332005ad0a4ba681ba07d22ff0c69af78eae	355	WEB-INF/classes/com/technoetic/xplanner/charts/DataSampler.class
ebb6bc7a66cdea2f1cb413a8a27f8066a248484c001bc3a7da56292ee7c68894	5681	WEB-INF/classes/com/technoetic/xplanner/charts/DataSamplerImpl.class
045a2b6bdb6b6ffff6d295a6f51fbc72ee22828a418462464225d58ec252d0e7	3962	WEB-INF/classes/com/technoetic/xplanner/charts/DataSamplingCommand.class
7ceacbf1cab4b5d53606a294ef01dc501e69c6b77343d55538d2ca4f3dc6466f	1520	WEB-INF/classes/com/technoetic/xplanner/charts/DataSamplingJob.class
39e8666b07bdbaec00951e4e6e68bf51505a264c5bfc948267eb47872b249bfd	4290	WEB-INF/classes/com/technoetic/xplanner/charts/PieChartPostProcessor.class
4d5376408cad39d1911ac12b7801acd46db9053e34966505637ab66f5aa545ce	2900	WEB-INF/classes/com/technoetic/xplanner/charts/PieChartQuery.class
f4d9301b377800bf709d0e295a78ae7ea20699ff3113721999ecd909ba76da16	768	WEB-INF/classes/com/technoetic/xplanner/charts/TaskDispositionActualHoursData.class
40c519dbeaf1c92531d743b72c35704c9523868281c25989d46bcae8d0e90f77	729	WEB-INF/classes/com/technoetic/xplanner/charts/TaskDispositionData.class
67414aa6e4f0b36b3f1ec73109dfaf0a39cfbcf82964e60af86126d045e30a5a	780	WEB-INF/classes/com/technoetic/xplanner/charts/TaskDispositionEstimatedHoursData.class
30de0fbd2b5c4d4ad0c63d3bf746790fa4ee8b63a4655262369fc84edd7aa77a	740	WEB-INF/classes/com/technoetic/xplanner/charts/TaskTypeActualHoursData.class
24c4f4cc27ed885acefa3092b2d2eccd8c76db92b3408c98e1d41d038e4e2503	701	WEB-INF/classes/com/technoetic/xplanner/charts/TaskTypeData.class
5dde2c5c40c2104e2d25a96869ac50e241d54a9e9ad087d008c3ab5f82c1ac7e	752	WEB-INF/classes/com/technoetic/xplanner/charts/TaskTypeEstimatedHoursData.class
6d0e147b2efc6ac984e414dd924e2373c02cc30b3bd453fa086eaa6b288cbab1	8919	WEB-INF/classes/com/technoetic/xplanner/charts/TaskVelocityData.class
89f878425653d6dbfff1eda157549d2379ed04026513c35f4212b52a3d410d6a	2564	WEB-INF/classes/com/technoetic/xplanner/charts/XplannerPieChartData.class
7705b3422b889e3b8633873741c75cc81c9c0bc1d8d9e2af0f54fae08d275a8f	2368	WEB-INF/classes/com/technoetic/xplanner/charts/timesheet/PersonTimesheetIterationData.class
e9ae85c0bd2caa1bb87e57dce6f03abc4bb906b996a8658c736ce07398da46cd	2356	WEB-INF/classes/com/technoetic/xplanner/charts/timesheet/PersonTimesheetProjectData.class
1ac40bfd2ede7c0c98cd65562890baf2bb6685b4019110d9f320fc27be5cbc7f	2344	WEB-INF/classes/com/technoetic/xplanner/charts/timesheet/PersonTimesheetStoryData.class
bf1841c1ef34fa486be2addf38ac13e2e8e4f7114d4fd76d8dc9886f01af37e0	5359	WEB-INF/classes/com/technoetic/xplanner/db/AggregateTimesheetQuery.class
419b1910826e6b63a2fe5607ea5f238489f660de8eeb61864da71e6a8312338a	1087	WEB-INF/classes/com/technoetic/xplanner/db/CacheInvalidateForPersonAnywhereInAttrListInterceptor.class
f4e6791b1a183755da42269d60de2d1697f34c9fd28eb8e1c42d04c08e42c018	4082	WEB-INF/classes/com/technoetic/xplanner/db/ContentSearchHelper.class
92e17e757140284b816a56415d1ae20c9e4da14a695406810b725f3daeed3e7d	4129	WEB-INF/classes/com/technoetic/xplanner/db/CurrentTaskQuery.class
6b93fae23daf47181a47beb15f0ac7be4ffec807d906bafdd3ab573cce4e46dc	3031	WEB-INF/classes/com/technoetic/xplanner/db/CustomerStoriesQuery.class
f3a293fb14b8fb083e897ca169c7a7134fbaf3206f9c031932453de96bea3015	2057	WEB-INF/classes/com/technoetic/xplanner/db/IdSearchHelper.class
761fc1caf9859c6e1282c82e502f259338d836444ac1bf38cd2a7a61cf5ba685	896	WEB-INF/classes/com/technoetic/xplanner/db/IterationStatisticsQuery$1.class
5bc9ad2313c2930dea129f039857e6b1d7e2395f18fc0584725f2a0aacc788e2	917	WEB-INF/classes/com/technoetic/xplanner/db/IterationStatisticsQuery$2.class
aed55c3780611f3a13c1ccfb2bd99d304615e470e818d4bee15f078de9458155	998	WEB-INF/classes/com/technoetic/xplanner/db/IterationStatisticsQuery$3.class
dd13ae4caebbfe593e95a63540b1902a203aa43bde7c577b82bbebb9017ff461	1019	WEB-INF/classes/com/technoetic/xplanner/db/IterationStatisticsQuery$4.class
c195cd0caf8e2c3e4577d57013c1b37bf30068734f23d2f44f68ba3b7a8d19bd	992	WEB-INF/classes/com/technoetic/xplanner/db/IterationStatisticsQuery$5.class
f0c776d8dc4b4fbd1125a1e2e588fd1f31203692270273c2504d9901ab55f894	1013	WEB-INF/classes/com/technoetic/xplanner/db/IterationStatisticsQuery$6.class
290822781c12694ab7b696d8d0e7fd27786c964a19f3830daacb8993caec0b5c	2129	WEB-INF/classes/com/technoetic/xplanner/db/IterationStatisticsQuery$Aggregator.class
585f5b79b42e6e7de2357faaf0d2e7dec2d8b961e67e251d4471f81f6d19cafe	1237	WEB-INF/classes/com/technoetic/xplanner/db/IterationStatisticsQuery$DispositionAggregator.class
a727ab9e33a6851976cc1e9ca399f966c55ffc396a3145cb2aaa54698ed5ec58	1124	WEB-INF/classes/com/technoetic/xplanner/db/IterationStatisticsQuery$TypeAggregator.class
a2ef0675fb26e1811ae87fc85239db0dca95e7e0ed839ede9d9a4318dee7d3a9	6078	WEB-INF/classes/com/technoetic/xplanner/db/IterationStatisticsQuery.class
c442e187234e4ef5b5a050c2d47980de4fabee544ee382b69d6f5562a5183345	2774	WEB-INF/classes/com/technoetic/xplanner/db/MethodCacheInterceptor.class
50a8aa1b1a8525f39d02911fe293707ff0799d8ab7127181158a906416c22161	1126	WEB-INF/classes/com/technoetic/xplanner/db/MethodCacheInvalidateForSelectedArgumentsInterceptor.class
d0e90f0b42dc63bed4bb789f393bd5c5538b2ef0b0b4cb137cb8b22d48e59449	2588	WEB-INF/classes/com/technoetic/xplanner/db/MethodCacheInvalidateInterceptor.class
10bc51ded52901c38af74c8cb5a3783d31a7420e9e014c683e60c7065e863770	5978	WEB-INF/classes/com/technoetic/xplanner/db/NoteHelper.class
c34dc7110e7b3d144c3b8c61df634ba002a3a5f6b61189a8d491412aac9ca7ef	1631	WEB-INF/classes/com/technoetic/xplanner/db/OLDIdSearchHelper.class
c47c2fd4660f413c6d19d6b5a4ce3c3f51d5d3894e44d1c26b1c2ee77ff62b0d	6624	WEB-INF/classes/com/technoetic/xplanner/db/PersonTimesheetQuery.class
dd8b94d7d176a335a966abbaa1fc772a5ca9fef357b272258c2c01fbe7c4a486	4895	WEB-INF/classes/com/technoetic/xplanner/db/PlannedTaskQuery.class
9b2674e7da25123acc719726d7c88e2adaecda69aae690552fc8ed5022a6295e	756	WEB-INF/classes/com/technoetic/xplanner/db/QueryException.class
0bcf602a44b37aea5645cd18c49602ed2e83d569634f2ee8861fb8becbcd2d8a	2533	WEB-INF/classes/com/technoetic/xplanner/db/SearchContentQuery.class
d557c99501165ba2431235f4d29a7a9e43b03aae538ee031360b1570db4aac06	2412	WEB-INF/classes/com/technoetic/xplanner/db/SearchResultFactory.class
8fcb4da8bf82e4342a56a6ea4a18a59811af81f7a81dfdbb1795b9db377afa6e	354	WEB-INF/classes/com/technoetic/xplanner/db/TaskQuery.class
24cfb8ce5469cf2ea7128029672a4d48c1cb805612a421399efe2d5ca629fa47	1274	WEB-INF/classes/com/technoetic/xplanner/db/TaskQueryDao$TaskStatusFilter.class
c025a6c057b79899fcef0d929136212fc7f02e6fc1c2b0120ca870df102af129	2305	WEB-INF/classes/com/technoetic/xplanner/db/TaskQueryDao.class
daf69fa37c9fe966b5362a5d05d8b1c8002b3b12aea8359d2bb5b3f8de305648	2241	WEB-INF/classes/com/technoetic/xplanner/db/TaskQueryHelper.class
3c48050c69a38dd16621188ab5d98aadedd588f57c191266a8faa608b1272298	2413	WEB-INF/classes/com/technoetic/xplanner/db/hibernate/EHCacheHelper.class
9aa7a3f9bb156a3b9cd7d4aeb71b818bc049f5f71742162e1b3b2bf81c87efb8	610	WEB-INF/classes/com/technoetic/xplanner/db/hibernate/GlobalSessionFactory.class
896a41b16635978ed159167bc7162cb57792bb542bc231f9eb2f0983164eb992	5437	WEB-INF/classes/com/technoetic/xplanner/db/hibernate/HibernateHelper.class
43adf327cc9c407f8233c271c98a791f1f2606c337e4aa4f43d2af03ae430ec3	1488	WEB-INF/classes/com/technoetic/xplanner/db/hibernate/HibernateIdentityGenerator.class
dbdac3430cb0325ba4ae49d694723f4f097f929aab4208c2edb2838d429a449c	1815	WEB-INF/classes/com/technoetic/xplanner/db/hibernate/HibernateOperationsWrapper.class
4b13bf68463791dfe766e1f75f436be7e98cbc4dbfd3ebddd47dd1524912171a	3229	WEB-INF/classes/com/technoetic/xplanner/db/hibernate/HibernateSessionFilter.class
a4b92c42b50923f5c0ceeaba21cd600c7249fc9fd7521f22526c8eccca8f9f5f	3082	WEB-INF/classes/com/technoetic/xplanner/db/hibernate/IdGenerator.class
e41a067b78636e163737102edcf25ae4ed81639f21bda3f867e33043409e9646	1504	WEB-INF/classes/com/technoetic/xplanner/db/hibernate/ThreadSession.class
96ecbf5f01e8fcb3c6066d8acf301687b7d94de12588a336fb28755ea6784cba	6955	WEB-INF/classes/com/technoetic/xplanner/db/hibernate/TransformingSchemaExport.class
5fe49b3e80f9e2c37eeac7746419d07042d052276271bad86c376995351a1fd4	4265	WEB-INF/classes/com/technoetic/xplanner/db/hibernate/XPlannerInterceptor.class
efb5e294f22fe7c07ae9b5ea1063de5e2aa710e10c19b3867382f1407b5fd996	491	WEB-INF/classes/com/technoetic/xplanner/db/hibernate/XPlannerMySQLDialect.class
61eacc5d31148bc0a3da6a274a12823c06467d0d980009f5f60cc31aa57fce1f	467	WEB-INF/classes/com/technoetic/xplanner/db/hibernate/XPlannerOracleDialect.class
1ea11dc710b2e36a3723edf0cf2d1db3c12576cea446fda11072876018f1e786	1648	WEB-INF/classes/com/technoetic/xplanner/db/hibernate/XPlannerSessionFactory$1.class
9274c3b8c16ccf3138bf85f212424e51af67d0a867ce27cf3ea2cd8a309bef34	1444	WEB-INF/classes/com/technoetic/xplanner/db/hibernate/XPlannerSessionFactory$Log4JDebugLoggerWriter.class
506e4df8512730cc01b1fbd610f519f7388ff64e8bf5a7c32b081043b0d23ad8	5435	WEB-INF/classes/com/technoetic/xplanner/db/hibernate/XPlannerSessionFactory$SessionCountingInvoker.class
f809947e9b03f68ec31c3fe8283a6bf620226b36de4a94fdc0c00084d1eea0e1	6369	WEB-INF/classes/com/technoetic/xplanner/db/hibernate/XPlannerSessionFactory.class
18f94a4ab7c1cfa19f560e6c96f6837af701d1c3194d91641d8bc8258d073745	558	WEB-INF/classes/com/technoetic/xplanner/db/hsqldb/HsqlServer$1.class
60b5dd598b7dc8f969d7f607835ada54c5f9924902eba3f43bb6637d33914bc6	10199	WEB-INF/classes/com/technoetic/xplanner/db/hsqldb/HsqlServer.class
832f59a60a076cde5fa7d285dcef7d69f8f1e842ba3a8c6cb612d79bacd7add7	3920	WEB-INF/classes/com/technoetic/xplanner/db/jdbc/DriverWrapper.class
5954761d8f3cd67cf85e993d303f38aa784583866520be4647371725db7ea6e8	3008	WEB-INF/classes/com/technoetic/xplanner/domain/ActionMapping.class
48f8702f85a326639c4e4bea4fc87d4ac94d6c5b11f758d5285151145dc98b19	2801	WEB-INF/classes/com/technoetic/xplanner/domain/CharacterEnum.class
ca18f867810694d69f798ea74c4d63eaeb2880fc7c17139b03ab03ef435e10ba	3064	WEB-INF/classes/com/technoetic/xplanner/domain/CharacterEnumType.class
bd40417bbceed3c6cf5f5cd42ae0d4701837fb066a363d5c0ea069d769d04fd8	231	WEB-INF/classes/com/technoetic/xplanner/domain/Describable.class
9f76ece520270be7dc113812155df8b673de27004f960f868a50cba69d88f826	1344	WEB-INF/classes/com/technoetic/xplanner/domain/Disposition.class
767999f03cd099aa3bcde99455d905f42b21a4fad8e595c7ba49cde70b8ef191	2248	WEB-INF/classes/com/technoetic/xplanner/domain/DomainClass.class
a05c2f6f9e1df2c292f7aa082490cd28a90d005e697e6249860ff5cdee8caa45	1333	WEB-INF/classes/com/technoetic/xplanner/domain/DomainMetaDataRepository$1.class
9911f7e2085887be46de9bc22d043a6f257e778a71a718e11f501df2a25e8931	1298	WEB-INF/classes/com/technoetic/xplanner/domain/DomainMetaDataRepository$2.class
7905a7635f8c457501e3a8a6ca691f7a05233497a579aac7c6e4696d41d06bc8	9906	WEB-INF/classes/com/technoetic/xplanner/domain/DomainMetaDataRepository.class
24e52e98f83c9e0729f0bc7c8a43ac0d02d7efe45272f98097de598061b1a89f	3290	WEB-INF/classes/com/technoetic/xplanner/domain/DomainObject2.class
86302a87a6d7030a5ddd3c202ea291f8931e3985cda4ca07d75f0a4bad94bb3a	1700	WEB-INF/classes/com/technoetic/xplanner/domain/DomainObjectWikiLinkFormatter.class
c64ad40147028cbdca7b8f13d1638ba24280a8460615f954e43c6809ffcfa508	1085	WEB-INF/classes/com/technoetic/xplanner/domain/Feature.class
d427fe6589738b72c20a4ec0f4c568e63492f4c62dc7c9928ea5ad65681048f6	158	WEB-INF/classes/com/technoetic/xplanner/domain/Identifiable.class
2b427932d4e1a336c8c3d3b26a742375bd1e0901518d476379ee309a408cc713	3029	WEB-INF/classes/com/technoetic/xplanner/domain/Integration.class
6048067cfb8842a2afae610d46ffc5b5161af2c9e99f2b82e959cc7a830514bf	12603	WEB-INF/classes/com/technoetic/xplanner/domain/Iteration2.class
9f09d852e274beeafd6779db84333565a86d70df1847a447a10aadeef8f13046	2377	WEB-INF/classes/com/technoetic/xplanner/domain/IterationStatus.class
ba2b5e818ffda5ff7994ddbfa3f11b413b538b33ccc7dc40126b3f8badd07159	679	WEB-INF/classes/com/technoetic/xplanner/domain/IterationStatusPersistent.class
f249e3ffb4ae2e269c1100793163857c4999eae87c7e779c4153eb07b2e33508	309	WEB-INF/classes/com/technoetic/xplanner/domain/Nameable.class
028477e0bec6356fcf7cbb8f65e6e11167bf62c20dc5a15855d9cb1660fb74cf	4514	WEB-INF/classes/com/technoetic/xplanner/domain/Note2.class
1cc0f103c4b5d880d0d69c40bebcf38bec13f111d45f85d0c6f2cbf439cebb32	191	WEB-INF/classes/com/technoetic/xplanner/domain/NoteAttachable.class
8d1fea48e293e10b3475174b30a8f5bdd5c8d5a197e284205f7792a66a5d3aa5	731	WEB-INF/classes/com/technoetic/xplanner/domain/NotificationReceiversComparator.class
d3fa07b5a54be50aa2fbe958629d334b69b43cd0460d8174681993b08b8e6399	2330	WEB-INF/classes/com/technoetic/xplanner/domain/Project2.class
4d945a7225693a508c9192220ee0268a605fd05c2a4e48c39f9ae201d336988b	2963	WEB-INF/classes/com/technoetic/xplanner/domain/RelationshipConvertor.class
48bf200b92e67d12b523ec9b8cb1d1f3ffb7fd5c659c90651d1c42a184c73a95	3575	WEB-INF/classes/com/technoetic/xplanner/domain/RelationshipMappingRegistry.class
08dd10e24ea35afb62ff3f9212b764fd22da86a94236a708572d1d6274943b75	1436	WEB-INF/classes/com/technoetic/xplanner/domain/Role2.class
03f40c7dd2e615c387666e6512a719835c9cfdb7af10c4d0a2d8a075068599ed	1889	WEB-INF/classes/com/technoetic/xplanner/domain/RoleAssociation2.class
226fb0d09a93a4a146eacfa5f08dc7f85c3df8264631bc9d4ae665f60a96f0d1	4024	WEB-INF/classes/com/technoetic/xplanner/domain/SearchResult.class
d15d0d982458d9a27818897c8b374f7b8b83f896edb111b7be5a9d84cd4427d2	2323	WEB-INF/classes/com/technoetic/xplanner/domain/StoryDisposition.class
84650e80b304d8e765721ccc19d487260a1da77129eeff143658469ccc512f8c	836	WEB-INF/classes/com/technoetic/xplanner/domain/StoryDispositionType.class
d54177652b90b0ff6f82f1d06dfc2ead54c69cef786148f8c3fdf5f786a37e66	973	WEB-INF/classes/com/technoetic/xplanner/domain/StoryOrderNoChangeComparator.class
1b3688488dc306eaebbef440bc155c96878d1babf0c79e84b918516787d69a95	2583	WEB-INF/classes/com/technoetic/xplanner/domain/StoryStatus.class
944533d5d42d449414c2bad51aef33c85bd57450007bc9a3487676e8abb0ce9e	811	WEB-INF/classes/com/technoetic/xplanner/domain/StoryStatusType.class
d2e0a4d0e0d9676ea9277ee4e99aaba30552cf4082da74cc2a23247d3b1bec1e	9833	WEB-INF/classes/com/technoetic/xplanner/domain/Task2.class
8f51bb455ff998a220599000009b7cd41b7719d06fd095abac94a5912f00259e	2591	WEB-INF/classes/com/technoetic/xplanner/domain/TaskDisposition.class
5dd63e3590898628d2aca7ac9c3e012994804b1065290cb5da752f159033bd3e	831	WEB-INF/classes/com/technoetic/xplanner/domain/TaskDispositionType.class
2b13235b033d7b2220dea7251d7295e07ee9ee66397a1e561c73f869a3cd53e1	1187	WEB-INF/classes/com/technoetic/xplanner/domain/TaskStatus.class
c5da45f33d1faace350c17de1d7065a30571aee642c7a4c9e3d54fb855d37d2a	3634	WEB-INF/classes/com/technoetic/xplanner/domain/TimeEntry2.class
8aa1f9ff080c5b34f8e0b340646b27ecc3d3884c0ab7aa750c24be2c8277772d	1407	WEB-INF/classes/com/technoetic/xplanner/domain/UserStory2.class
72a7a0b26e503a82642fa497fa3b5a51516f2705447952fc79fe7d0483f5cdaa	3742	WEB-INF/classes/com/technoetic/xplanner/domain/UserStoryDispositionType.class
b6fe9c182c6076561fd78c8ce02a65dba81fe53f125d447b588b5f684dd1f5e4	1261	WEB-INF/classes/com/technoetic/xplanner/domain/ext/IterationTasks.class
5d51466e56e40b9ca18b2a1ef04356ef5542b5dab5727a354df81fe55e63388d	2451	WEB-INF/classes/com/technoetic/xplanner/domain/io/IOStream$CharacterEnumConverter.class
764f64cbb945c84bb4ce7b5a391647ea9952399c0282c2a280a30c318533de31	670	WEB-INF/classes/com/technoetic/xplanner/domain/io/IOStream$Document.class
86eee72fe6e1cac49e137c9afaa70865104ba96e327e6b029bc0e8b33c2ba634	1327	WEB-INF/classes/com/technoetic/xplanner/domain/io/IOStream$IterationStatusConverter.class
79f36729cfa74c963b623af4cc3d11816984e0f0d164c25fc8077882b932e108	1687	WEB-INF/classes/com/technoetic/xplanner/domain/io/IOStream$ReferencedPersonList.class
62ebbba6217ec4c803e0cebe23bb5e1ce8fa96abc2a63999f67e7f6df41e4332	3158	WEB-INF/classes/com/technoetic/xplanner/domain/io/IOStream.class
a949d3ce0a71c853748652fd9ef2756d6f4921a3de73e04547f056620d114a6e	517	WEB-INF/classes/com/technoetic/xplanner/domain/repository/AttributeRepository.class
fbc32da674d78db26e1b9f904be938b3bf03a052048df132d82a9dca3d4dbd4e	3927	WEB-INF/classes/com/technoetic/xplanner/domain/repository/AttributeRepositoryImpl.class
343fb36398a58904c353e7bef442c696482c6773cd26efd5fa1fbc0b01de8582	391	WEB-INF/classes/com/technoetic/xplanner/domain/repository/DuplicateUserIdException.class
55c23af245e61c2c5ef00f107e3ca6be1ef41d68802a27559b7e340782c2da27	3302	WEB-INF/classes/com/technoetic/xplanner/domain/repository/HibernateObjectRepository.class
642da14fd5b52c7507c5bcdb3a882045961d8ca152381181ffbcdb15e475ee45	4861	WEB-INF/classes/com/technoetic/xplanner/domain/repository/IterationRepository.class
30e2466412c9f2a02c5f9c0784a928ce8ec8597db7e67ae4858c4d5ca9ee4c68	364	WEB-INF/classes/com/technoetic/xplanner/domain/repository/MetaRepository.class
af3828fe4da39ed79b404ebe45108b19d228f78fd47912b88736d5cdbd11a96b	1331	WEB-INF/classes/com/technoetic/xplanner/domain/repository/MetaRepositoryImpl.class
b8ada0900409310332f6f175603386eaac43f8a18f4ed6c9f5536a883bfd165e	487	WEB-INF/classes/com/technoetic/xplanner/domain/repository/ObjectNotFoundException.class
01be0751bafa0045b6a4ec8f50828868860229281adcbd6c18eb391818cd0ba8	2515	WEB-INF/classes/com/technoetic/xplanner/domain/repository/ObjectRepositororyFactory.class
5437aa1e306f5b9d87555dfff47ab0a5f788e07653627f830abc573d08dbfb90	550	WEB-INF/classes/com/technoetic/xplanner/domain/repository/ObjectRepository.class
60d6efde25a483dba8316274ac44f8e8d11be45b0a8bd9c67ec30b1c4ddca253	3492	WEB-INF/classes/com/technoetic/xplanner/domain/repository/PersonHibernateObjectRepository.class
b0314adcea9cb9e6da893bcd31da232f41b96aa5742cd6d3c304ca5c6ccb9bc9	801	WEB-INF/classes/com/technoetic/xplanner/domain/repository/RepositoryException.class
be142cbfb5cf7c9bdafe118a324c535f31dfd7b1a2056b17392651b9ff95d12b	1931	WEB-INF/classes/com/technoetic/xplanner/domain/repository/RepositoryHistoryAdapter$SaveEventHibernateCallback.class
9ffc684e9aa51437aaf302d635d6062724308647fd36d33bcd193b117c7ac5ad	3416	WEB-INF/classes/com/technoetic/xplanner/domain/repository/RepositoryHistoryAdapter.class
f14671f1fe0a7fa8dc526a8bd1f79c8fa41a6708689e1c248b5f1f6ca4c8a906	4331	WEB-INF/classes/com/technoetic/xplanner/domain/repository/RepositorySecurityAdapter.class
10c892fea79ccef931bfde48efc67ecd7131ceafeb0d6d11283ad7e9d46299b9	491	WEB-INF/classes/com/technoetic/xplanner/domain/repository/RoleAssociationRepository.class
734016909393576e79325fd382998778555b7e2918dbaef535482e7c21485ffa	2810	WEB-INF/classes/com/technoetic/xplanner/domain/repository/RoleAssociationRepositoryImpl.class
d832e208079ffa8cfb7f2f000aeaa52b93f98d17f74cb6a1265f610e2451a488	384	WEB-INF/classes/com/technoetic/xplanner/domain/repository/RoleRepository.class
791ff8081d194d2c7764a8614e708ed587f17aeb2ff91ef7b3a90080328e0a37	1744	WEB-INF/classes/com/technoetic/xplanner/domain/repository/RoleRepositoryImpl.class
151a1ed4cad65210068a0e48553d9a20271c7008be2889e6fd4c844f13c7009a	676	WEB-INF/classes/com/technoetic/xplanner/domain/repository/TaskRepository.class
6b3227e4c0ee610e3e97f0354220b20535a9750e912caeab7f53370ea4e58da4	1415	WEB-INF/classes/com/technoetic/xplanner/domain/repository/TaskRepositoryHibernate$TaskStatusFilter.class
d191c1aefb255acf215ecd654884782394e7529db4825914a3da8cf86502c9ae	3469	WEB-INF/classes/com/technoetic/xplanner/domain/repository/TaskRepositoryHibernate.class
1d366a4783d67f390446edc41053c9d9e3e8ca49ffa20644568f2ef2168c8735	3526	WEB-INF/classes/com/technoetic/xplanner/domain/repository/UserStoryRepository.class
51e0360a8a9512b98ad224bc030073c234489228e5235a413658deff2038b97d	1806	WEB-INF/classes/com/technoetic/xplanner/domain/virtual/DailyTimesheetEntry.class
33096ae88a1a833ffa7eed59ef3ec1359ee6654ebcc282d7ebab7e79cabb960b	4021	WEB-INF/classes/com/technoetic/xplanner/domain/virtual/Timesheet.class
1929e69683634e73d2a2438fa58ff38717cd146f97283cb8c1d7b24a27bf11b8	2425	WEB-INF/classes/com/technoetic/xplanner/domain/virtual/TimesheetEntry.class
2768fd1a26d42e5f860e8bd2f6fe9763de6574c7811f9f5702e0cdb5387288d6	1665	WEB-INF/classes/com/technoetic/xplanner/export/CsvExporter.class
9972de83edb7a07023b2d52064c68144fb385995f84e8a0fe57f90c11a92b575	767	WEB-INF/classes/com/technoetic/xplanner/export/ExportException.class
1ae083883e9ab669e69e5a6e0266969d4a17df548edf82d7217861d680026c7e	350	WEB-INF/classes/com/technoetic/xplanner/export/Exporter.class
f26f04822ad380319b7e91fa597432f40a7a1a8ec700bc1005ed1e7d361d7d49	4197	WEB-INF/classes/com/technoetic/xplanner/export/IterationDataSource.class
9e12721be03511d702bd1ab24b947664897db9766b7d3e8a72bdd5a24f90954b	1510	WEB-INF/classes/com/technoetic/xplanner/export/MpxExporter$1.class
931da18c91c44d7be10e4bbc79b1197189ec46bcf6eb9656a1de11a27c8f308b	1680	WEB-INF/classes/com/technoetic/xplanner/export/MpxExporter$ResourceRegistry.class
64151499a99ed5ef5d4dccfc921bafec07c63247870d21aedf897457fb6f1e87	9293	WEB-INF/classes/com/technoetic/xplanner/export/MpxExporter.class
cfd1ecbe80b5ddceb7f22b0e67cd47211d818b1ef203f95ae65c00a69ebda43c	3158	WEB-INF/classes/com/technoetic/xplanner/export/MspdiExporter.class
cdb6571e2249c98bcb8eb2710ea2c9f866b416613e7b36235c542c0e89ccce20	980	WEB-INF/classes/com/technoetic/xplanner/export/PdfExporter$Field.class
30c1bf6586424f7db5cd7de503b1f61bf2edb9c1d5d421b368d1092899bf3f0a	10095	WEB-INF/classes/com/technoetic/xplanner/export/PdfExporter.class
3f53350f83927198b62af1321b2d06d3c7499b644255e1e28e0d67ab7e796ab4	4500	WEB-INF/classes/com/technoetic/xplanner/export/PdfReportExporter$PersonDataSource.class
d7eaa816ed77ba2f511e476c5cb7621732d582d270ac6ed414154af8dca884eb	3263	WEB-INF/classes/com/technoetic/xplanner/export/PdfReportExporter$TaskDataSource.class
e0397079d7f16f5bbcd4a8d48fbc71aa180f0157cffdca35be9a3730751c3aa7	3450	WEB-INF/classes/com/technoetic/xplanner/export/PdfReportExporter$UserStoryDataSource.class
f64bdb58ee4b06c40fcb2ed0f93593a782df75ad6216289c7f206ea58a1f69de	6526	WEB-INF/classes/com/technoetic/xplanner/export/PdfReportExporter.class
94f297278285da576f526a4c0d062bf6a719e7505a0f05303a22ee52e6e43689	1628	WEB-INF/classes/com/technoetic/xplanner/export/XmlExporter$1.class
f6b4176ae71e6b93b2df6e6748df9ac6b2bbe32e28a7a7516dd7be50c17a47c4	1107	WEB-INF/classes/com/technoetic/xplanner/export/XmlExporter$2.class
43903273eb78777a4f706925417d1858f06fbb4a2733b12b8a8242e4d4c7ea0e	881	WEB-INF/classes/com/technoetic/xplanner/export/XmlExporter$XPlannerData.class
81a667287ff40ab55697944e575f99f4bf6c7a2c484421c5e0a2b4f201e881c8	7298	WEB-INF/classes/com/technoetic/xplanner/export/XmlExporter.class
85616030f2726d0e32d84b2d9b13ca1fbd8e196a4122ce655e62f12fffe44dd7	621	WEB-INF/classes/com/technoetic/xplanner/file/DefaultFileSystem.class
18c286acadda0362ca2aacbbb4f17895210709188004193386a9ecf57d9283b8	1544	WEB-INF/classes/com/technoetic/xplanner/file/Directory2.class
04a19bfd953b8410bb5f61196745abd4d137a1db131e5c36ac0ea193f05f31f2	2310	WEB-INF/classes/com/technoetic/xplanner/file/File2.class
79647044ae032e2fb021c4969a5dc4e3fed8fee6bc0935234c57c495e7ae3a6a	1220	WEB-INF/classes/com/technoetic/xplanner/file/FileSystem.class
3246c9230c17e9f36b89239f43c912d5b1e3967722f9803e4ebb79f942b7f847	5631	WEB-INF/classes/com/technoetic/xplanner/file/FileSystemImpl.class
494719b7166272e22ddbc084b8a32c82676ae1b6afe580c5c38686fe1005543a	1736	WEB-INF/classes/com/technoetic/xplanner/filters/ActivityLogFilter.class
56d23a5b8e1e82af2d252d262b103aea1b7243e3d6d2c6d7d45353002526a82b	4356	WEB-INF/classes/com/technoetic/xplanner/filters/ActivityLogFilterHelper.class
b86359bd207e82aaa3f1d08770e0ddad14a1b8d1c71a9a30524d176729a6420a	2204	WEB-INF/classes/com/technoetic/xplanner/filters/HsqldbServerContextListener.class
040ca0ea75ddb0eba0b6ac1d69f0f570107cab7479364761f8831f1a5f8fe8a1	2362	WEB-INF/classes/com/technoetic/xplanner/filters/RequestCharacterEncodingFilter.class
c68e0cc3c02d04171c55571295b41738fcf8f1610b381b755a7870d0c0f195b2	2274	WEB-INF/classes/com/technoetic/xplanner/filters/ServletRequestFilter.class
4314db98650615e74b8a33b0e1c26265e3f63095981a1eb02dd87514e9e1c332	864	WEB-INF/classes/com/technoetic/xplanner/filters/ThreadServletRequest.class
b315a4799cc90146fe3c784d0fa7ec77ab3d3fe4457a9221da8d0aff59892f74	1463	WEB-INF/classes/com/technoetic/xplanner/format/AbstractFormat.class
c3eb8743a3511ff2b92d86da2b8ca0ffc45fc27eb0f0a974cea2c263c1432720	2034	WEB-INF/classes/com/technoetic/xplanner/format/DateFormat.class
b71ee9e6783c66c07ce6f2658a1d42874e53fb6145e97e22772d43e6d6466f69	1777	WEB-INF/classes/com/technoetic/xplanner/format/DateTimeFormat.class
b2c5bdd01b414b0d520cd876d8ff3c9a88d41774862bfb809e053723fc7e35f1	2739	WEB-INF/classes/com/technoetic/xplanner/format/DecimalFormat.class
db713d2837fcfe03243b6c082d801238ed37d20918032b0015b91d5de889dd30	31880	WEB-INF/classes/com/technoetic/xplanner/format/PrintfFormat$ConversionSpecification.class
014e8b3b54b21cf2e11a850b7853482614b3cc2bb7f019107cefc45a96635bd5	6964	WEB-INF/classes/com/technoetic/xplanner/format/PrintfFormat.class
5e734c3ab9c19d53ea0fa41c945cac0450bef2b85188795a5ffd51d6704c4d75	7267	WEB-INF/classes/com/technoetic/xplanner/forms/AbstractEditorForm.class
e839fa396f6db1cce72c3e1d9e01ed7342f48d68aa9866ffc37388f641002c24	5441	WEB-INF/classes/com/technoetic/xplanner/forms/AggregateTimesheetForm.class
b7385d401db76aa1752d654531feb53df25eb557b2a2603ce90fdb770efdc869	2906	WEB-INF/classes/com/technoetic/xplanner/forms/ContinueUnfinishedStoriesForm.class
ecdbfc9208a9c2bfd5a8bef6c335a7843a38ef602eb8b582b8252a8f2da465da	2065	WEB-INF/classes/com/technoetic/xplanner/forms/FeatureEditorForm.class
3cd8b0b21be8b42e56f925b75aa8e42d65402c014feb919bb9af929ff7f860cf	1831	WEB-INF/classes/com/technoetic/xplanner/forms/FileManagerForm.class
abd12be6f6035365ad15684b991736c4395543703c9857772c6a5de5d359d065	2882	WEB-INF/classes/com/technoetic/xplanner/forms/ImportForm.class
fac1863911bbfd9b55a013ac197e1e10a6eae9e0bfa3c66b7d906b05b7c127b1	1074	WEB-INF/classes/com/technoetic/xplanner/forms/ImportPeopleForm.class
19860b5e80e60ebf6c7a4f16d8c2e25e09bfa2befcb0063d17df28f0b7a6e034	4122	WEB-INF/classes/com/technoetic/xplanner/forms/ImportStoriesForm.class
d45e8218ccef26c32a8586918b6df522e2da855d060e63220a9a40a7f857e214	4471	WEB-INF/classes/com/technoetic/xplanner/forms/IterationEditorForm.class
ba16acda529b85b7364ee39f72721fd4827e6432f9a81c556cd4a90e4b487cc4	1650	WEB-INF/classes/com/technoetic/xplanner/forms/IterationStatusEditorForm.class
a782e136843a54e81f14628d68ac76c8c42a7413f80648d6360be0891d064b84	3323	WEB-INF/classes/com/technoetic/xplanner/forms/MoveContinueStoryForm.class
41ffe7826f6f475c123c8a4f9ae289a7a39bc1ad44eedb3d18920e577dc19479	3110	WEB-INF/classes/com/technoetic/xplanner/forms/MoveContinueTaskForm.class
ee5753dd2997b8f1301650ecfbc90804e463939ab66606feb36667d7eab5235d	1377	WEB-INF/classes/com/technoetic/xplanner/forms/MoveStoriesForm.class
59cf3bfe7f9f150d0cff5315b8667974a1067a559866d47d9659cb9da8472c63	3641	WEB-INF/classes/com/technoetic/xplanner/forms/NoteEditorForm.class
efce9a9e6a2be67c7f63df0c74ad06c810373eef2803f964af2490078c826ad9	1352	WEB-INF/classes/com/technoetic/xplanner/forms/PeopleImportResult.class
ba11120929075450eb036cf8332e92064b3a714f98f4b57358529e1a91aa923f	930	WEB-INF/classes/com/technoetic/xplanner/forms/PersonEditorForm$1.class
c6deeedffd430223ba6a17be66d972777bd0b403eea2aced527d7d4954d2be83	8476	WEB-INF/classes/com/technoetic/xplanner/forms/PersonEditorForm.class
f3fc886f3782ed9a0dfe99897be79deb658c10a6e8de5f1a4c741566f50b5984	5033	WEB-INF/classes/com/technoetic/xplanner/forms/PersonTimesheetForm.class
744df2df573c74d0137203bbbfd25d0c90ee37dbd918219d46dc89642593501f	1732	WEB-INF/classes/com/technoetic/xplanner/forms/ProjectEditorForm$PersonInfo.class
5b5678e16bd1b4cb31e6fdc07c76f1ea22723d38c1f83fb9607200dba1a0bb31	4594	WEB-INF/classes/com/technoetic/xplanner/forms/ProjectEditorForm.class
d0f6258a3ac249719b563699a264fd9345fd6809b1f4d591eb63b995993be5df	3817	WEB-INF/classes/com/technoetic/xplanner/forms/ReorderStoriesForm.class
ffc9f136766cc1f62dff89b71ee8a72eef3c371f3f9382f8e7764132abf80081	918	WEB-INF/classes/com/technoetic/xplanner/forms/RoleEditorForm$1.class
57fa439bb5aa50a2145bcaedcda9f3cba1f7d842092373d39350fe2ca0f76ef9	4211	WEB-INF/classes/com/technoetic/xplanner/forms/RoleEditorForm.class
fbe5f4049439b6f63ddabcbee20c178041de2a6be8feac97acdbe3f01c02d858	5660	WEB-INF/classes/com/technoetic/xplanner/forms/TaskEditorForm.class
f78ea8a0a1149948bc34e254bf21fa3f13b622fe4901d4f36dfd7056c7399d42	1794	WEB-INF/classes/com/technoetic/xplanner/forms/TimeEditorForm$TimeEntryMemento.class
1fd826f9f7b9d622720692f4d4cd0f1fdc4cd3509b9f3207045d7342b0660bb0	9910	WEB-INF/classes/com/technoetic/xplanner/forms/TimeEditorForm.class
463b31e56a97e52dbc7023326d94382d2de4048328f532ba6ff7d7ecc823699c	6398	WEB-INF/classes/com/technoetic/xplanner/forms/UserStoryEditorForm.class
4e2d5a96e84402616f1f99a6c30d79c131a5cd1e7f1d941fd6341d3e7258a70e	4662	WEB-INF/classes/com/technoetic/xplanner/history/History2.class
a15c7f119b095c947feddf3a940968385baec58ad6d343a4b4e499bcf3178ff6	5914	WEB-INF/classes/com/technoetic/xplanner/history/HistorySupport.class
ac717e3d65a392f0715dc9da3d0076c7dca6acfd0de08aa622461632faa6ddf1	9877	WEB-INF/classes/com/technoetic/xplanner/ical/iCalServlet.class
832422159361cdac067ad1aa04318c3301f89ddc6320947fd06c906e5ac40748	856	WEB-INF/classes/com/technoetic/xplanner/importer/MissingColumnHeaderSpreadsheetImporterException.class
d03871bb34c23ba7158cd955243367f222479dca6d8c3235c7ab41e61bd81e54	702	WEB-INF/classes/com/technoetic/xplanner/importer/MissingFieldSpreadsheetImporterException.class
09dd782845070d2be70cb8369b13b70d8d5b8a19d43550fc9d98b2056fa317e2	623	WEB-INF/classes/com/technoetic/xplanner/importer/SpreadsheetImporterException.class
a78b6742a70b873d6377d6927de6501113d0ba936bcc02c2e877e3968a35781e	2979	WEB-INF/classes/com/technoetic/xplanner/importer/SpreadsheetStory.class
f7021077e987d8323c680538e4f38b21a5d58b802edb373fd8d3fc90598e1506	1206	WEB-INF/classes/com/technoetic/xplanner/importer/SpreadsheetStoryFactory.class
829f2590d0ccaafe560611114abe15b89a3844aebf25196ef1d0d949acdad42a	3532	WEB-INF/classes/com/technoetic/xplanner/importer/SpreadsheetStoryImporter.class
7fbb351fe18632a352f5016d60086e5df4bacfcf74ef2987c9909534ee0250cb	593	WEB-INF/classes/com/technoetic/xplanner/importer/WrongImportFileSpreadsheetImporterException.class
6677acf46c82103f3e1b5e8e146e9cec460d447992f2d61da217ff92538d65df	368	WEB-INF/classes/com/technoetic/xplanner/importer/spreadsheet/CookbookFields.class
ecdaa0b986a859bfffea6b47798aaec9f81624f43f8c2840cdb7d46ba8a75ead	823	WEB-INF/classes/com/technoetic/xplanner/importer/spreadsheet/MissingWorksheetException.class
bb288f6a88cbeb6f2f5ab264cfd4277f3f11338f63a966c89b33bbfbf09ddc6b	2941	WEB-INF/classes/com/technoetic/xplanner/importer/spreadsheet/Spreadsheet.class
c0c9f750449dca0f8751951e5a7320748720b4e58132b97d228e214015742ff1	2916	WEB-INF/classes/com/technoetic/xplanner/importer/spreadsheet/SpreadsheetHeaderConfiguration.class
888b337d836b01933c66f61cede377edf01ffa8cb1d21774e75bcb3f90a890b5	1779	WEB-INF/classes/com/technoetic/xplanner/importer/spreadsheet/SpreadsheetHeaderReader.class
dcb98c0ced15757eacb4243469dd2e8bad7a88c6232fb08ae35b3759b8c04839	1567	WEB-INF/classes/com/technoetic/xplanner/importer/spreadsheet/SpreadsheetStoryFilter.class
74c3faa751f9513e17a83c92e81765ed5f88a72f00c9d374dacbb14d3064f29a	4744	WEB-INF/classes/com/technoetic/xplanner/importer/spreadsheet/SpreadsheetStoryReader$StoryRowIterator.class
28db932799664358724acba005836d08370bc5e3d550acb197e7f8f472f57100	4103	WEB-INF/classes/com/technoetic/xplanner/importer/spreadsheet/SpreadsheetStoryReader.class
b6015079e589bf2ab9f3cc318718b81a1a49f04eeccffaf7bd808cf71ca685b6	3728	WEB-INF/classes/com/technoetic/xplanner/importer/spreadsheet/SpreadsheetStoryWriter.class
95f1d250f0a70a6768a2aceb9d78f6b59be58e35bba79de5e005034d78f471f6	621	WEB-INF/classes/com/technoetic/xplanner/importer/util/IOStreamFactory.class
ef30985d4ebb3f70fb882999a76a8d8077c43164f087f750854a58c84378531d	508	WEB-INF/classes/com/technoetic/xplanner/mail/EmailFormatter.class
cdf3608f3d5889af55caf1ea551ff95afd432d8f4c525c349623e4ee954bee62	4438	WEB-INF/classes/com/technoetic/xplanner/mail/EmailFormatterImpl.class
3bdd4d30567cb51ff218639860bf91c1bef5b2d3e91b3c759f941532fffed8d1	817	WEB-INF/classes/com/technoetic/xplanner/mail/EmailMessage.class
633e9d892dfc1de83c0b546b3efbf6d0213ae377b14abc0ef324bd37ee4ce950	1531	WEB-INF/classes/com/technoetic/xplanner/mail/EmailMessageFactory.class
586bed1f481fd21be45eab01adcd8bf8bdb412f365d9fc554ebfcbfe8b5ceac4	8360	WEB-INF/classes/com/technoetic/xplanner/mail/EmailMessageImpl.class
98f95c4676bd62d39a117e28716c1bb32ef291b952a4be71c09f43cd338e5533	7337	WEB-INF/classes/com/technoetic/xplanner/mail/EmailNotificationSupport.class
38f59889b07d630c13ddd84ea7bf897879204bf6faf316877c60de9ff1431f10	1893	WEB-INF/classes/com/technoetic/xplanner/mail/MissingTimeEntryEmailJob.class
178797c35c2c441e95df694dac95d193a7ea5f46f3e37e8e113e156ea5c54a15	4766	WEB-INF/classes/com/technoetic/xplanner/mail/MissingTimeEntryNotifier.class
2a71fece183743928aa661009a260e6a507fce52d4eb1a3c2fda6430dee89a2a	682	WEB-INF/classes/com/technoetic/xplanner/mail/SmtpAuthenticator.class
ffd15ecc22f0394de41dfcd8bcc34da91e1058fd60820bfb76ffdc18a533306d	489	WEB-INF/classes/com/technoetic/xplanner/mail/velocity/email_notification_task_created.vm
dcd6e984652c98c1cc764486afdb6070d83e860dc31092d3cc60b159bfba6988	1106	WEB-INF/classes/com/technoetic/xplanner/mail/velocity/email_notification_task_updated.vm
49263d64623283de019ac9a6a66fd5615fc9c7d0bf5f90f2c7d93f1b4271b59b	736	WEB-INF/classes/com/technoetic/xplanner/mail/velocity/email_notifications.vm
977406f8e2fda54b189835eb4f08e80a9185d7e6b4a56a3bff216049f3d266e7	2494	WEB-INF/classes/com/technoetic/xplanner/metrics/DeveloperMetrics.class
78bccb95055c72ccab13746d222d7871b7dc854d21bc0ebf1f5f0cb9521708fc	1111	WEB-INF/classes/com/technoetic/xplanner/metrics/IterationMetrics$1.class
8690fc20a14eb2d48b59da3479a5db31d1f857d0aec066db9bb9567c9a671f2a	1127	WEB-INF/classes/com/technoetic/xplanner/metrics/IterationMetrics$2.class
b622b8bfe31e7eb395a6bab9ac76976994eb10f18e21dbbe5158a35b973958d4	1122	WEB-INF/classes/com/technoetic/xplanner/metrics/IterationMetrics$3.class
058ea7acc3c3f36eaee5bcf1625ce561cccb6d417476f9d253ad919bf4aa7bd1	10172	WEB-INF/classes/com/technoetic/xplanner/metrics/IterationMetrics.class
4d53170cba5042190629508576b2a825a95dd197c49db9d636556e5dbdfca675	421	WEB-INF/classes/com/technoetic/xplanner/metrics/UserStoryMetrics.class
df67465902f88b1fc9a045767d0c988d82ed34450424e4a5d571e343b1b9a9d2	1303	WEB-INF/classes/com/technoetic/xplanner/security/AuthenticationException.class
bb367abd1c5d28e82534dcbe944cbe7af38db459b84a09d9c78a14e1dee52861	402	WEB-INF/classes/com/technoetic/xplanner/security/Authenticator.class
375ca8f6809e4b9359023fb4df8278a4a326b6070c1a2bfb4a42df097516f4cf	3563	WEB-INF/classes/com/technoetic/xplanner/security/AuthenticatorImpl.class
dafd33b90c7a063d49ea0bbfb9889ecf32e5a06b5bf298f309b14c85dba7b068	2015	WEB-INF/classes/com/technoetic/xplanner/security/CredentialCookie.class
89501e4eaa1d6de4c2573ec02d734c379ce65c4f1dd28dcd8678bd5e60c5fbce	4233	WEB-INF/classes/com/technoetic/xplanner/security/LoginContext.class
93ec11b8a2dcb90e611a281899763cfac679bf38423bc77fa15d8d645450f12c	1720	WEB-INF/classes/com/technoetic/xplanner/security/LoginModule.class
a32a6e44be1115a8dbfc6938682b164e6af739d61fd5940915bc91a510590c36	779	WEB-INF/classes/com/technoetic/xplanner/security/PersonPrincipal.class
1ba09e00e46f3b64d8e1d0e05839f358b800a25916f2f5e3c91225b0b06eb512	5294	WEB-INF/classes/com/technoetic/xplanner/security/SecurityHelper.class
0e5a91ad583a7b8b8f8815076f9c08154878065e01e61958693f93fe189168a2	1091	WEB-INF/classes/com/technoetic/xplanner/security/TomcatUserImporter$User.class
dd05d2d07bd83aea1bd348cb481de771067d057802a5abf3c940a55e602bfdd3	5226	WEB-INF/classes/com/technoetic/xplanner/security/TomcatUserImporter.class
f095cd68213074d098b40ed6ac958eecdeba6afd47f7227d29b80159d9489c95	809	WEB-INF/classes/com/technoetic/xplanner/security/auth/AuthorizationException.class
e396630db59d99179e517c9477a321ebe3af584be6fb2d5c061bb48b7ee0ba7f	2499	WEB-INF/classes/com/technoetic/xplanner/security/auth/AuthorizationHelper.class
1663c8860c7683130978126900f7a5be6e4c9d6985470c07a1a35689754d1fb3	708	WEB-INF/classes/com/technoetic/xplanner/security/auth/Authorizer.class
497b994fc79e178f5e048b0b3f773d335121abf6c39661eba9eb9786f632c853	7604	WEB-INF/classes/com/technoetic/xplanner/security/auth/AuthorizerImpl.class
63676798a69a6a3b36ad70dbf5b00eecd0a6d5d0ae61d161f8a0c92715be4d49	678	WEB-INF/classes/com/technoetic/xplanner/security/auth/AuthorizerInitializer.class
abd370d61519fff9acf2879d75dd620810f008915e661810e9eebe3e846c9d53	2207	WEB-INF/classes/com/technoetic/xplanner/security/auth/AuthorizerQueryHelper.class
2a3a0812aa79d501c2b4892fdf437b1cb5b6580d8837ddba15259dd9a093e615	3258	WEB-INF/classes/com/technoetic/xplanner/security/auth/Permission2.class
e5dc5c53ad359cbe16e0ab7fd73777d7dab16bd7556e6ad9a50d3ddaead68a59	1952	WEB-INF/classes/com/technoetic/xplanner/security/auth/PermissionHelper.class
76a983567ef521555f15acfb6518fd50094f49d5dd90cf3fbdaf3c7fc9d881aa	2077	WEB-INF/classes/com/technoetic/xplanner/security/auth/PermissionSetKey.class
3c7afb917cbb8f0b4445b52eb348d7eac3fc2c2e187f2ea957cf54b7c75e2b08	1154	WEB-INF/classes/com/technoetic/xplanner/security/auth/PrincipalSpecificPermissionHelper$1.class
cca84877448561c281fb6b162f01988c371ad4091bd03440962095bbcbe0c1ac	1281	WEB-INF/classes/com/technoetic/xplanner/security/auth/PrincipalSpecificPermissionHelper$PersonFilter.class
0b51edce7b8f54d4536612b9dadd8cea43a28d1faa6f7fb6a23746ba51f1b4ec	5105	WEB-INF/classes/com/technoetic/xplanner/security/auth/PrincipalSpecificPermissionHelper.class
a194684b481162a72cc650ae0e63d07e8347d42edee65d59ff96700fa4d96828	1029	WEB-INF/classes/com/technoetic/xplanner/security/auth/SystemAuthorizer.class
bc4cbc361e54a24ca40c4e3eff0ebd78405b36fd3691f792f148660bb546a0a6	870	WEB-INF/classes/com/technoetic/xplanner/security/config/AuthConstraint.class
2a52cc2b245d7e7cfa2087a1d2fd69c6918809bca7e87482b33572bd184896c0	4629	WEB-INF/classes/com/technoetic/xplanner/security/config/SecurityConfiguration.class
0a0ee42a31b57d04423cc97c35deb1d69b21108f0f818ba9bfed79ee3631c49e	2831	WEB-INF/classes/com/technoetic/xplanner/security/config/SecurityConstraint.class
cd51ccaad73219ace1e4d9fd011c6fc6d892e051d0819f5c8ace6e0bf92d33d0	591	WEB-INF/classes/com/technoetic/xplanner/security/config/SecurityRole.class
342a9f5027e826549697d5b0c51e7a7bd36008f80ff5ed7003fd303f9b71b62f	2415	WEB-INF/classes/com/technoetic/xplanner/security/config/WebResourceCollection.class
9aacebacbf28472d95804a26c2fc49dfb89173965d6dce5591d398a7793ea270	3690	WEB-INF/classes/com/technoetic/xplanner/security/filter/AbstractSecurityFilter.class
08807aa71158c16ed3dc647c196f208c64f2f132b671e4a22050448d3f9dfa2a	3974	WEB-INF/classes/com/technoetic/xplanner/security/filter/BasicSecurityFilter.class
1c08a7ed2b03d9b1616ce40b2d5b55e3908a0aed29a21394b70d8940850b3033	4566	WEB-INF/classes/com/technoetic/xplanner/security/filter/FormSecurityFilter.class
b7594faed7aa632c89aa63a7c80709960dfa017841382d9b9f807996b4beda03	4838	WEB-INF/classes/com/technoetic/xplanner/security/filter/NullSecurityFilter.class
777a8252bbd36c4886d209d399b45f88eb601b44305ba4f2b8850e3db1fefd1a	6582	WEB-INF/classes/com/technoetic/xplanner/security/install/BootstrapSystemUser.class
e09496becfaf5b5846b8e132fce60d40be7ab105bafe83702cd3225bab826fe7	865	WEB-INF/classes/com/technoetic/xplanner/security/module/ConfigurationException.class
7afe5d2cc40b968fd75379a5fafd8bd6c30a054d9c8ba4378eed4f5362f506f9	336	WEB-INF/classes/com/technoetic/xplanner/security/module/LoginModuleFactory.class
26063973e48375d8332273392c485a77e6a89038ba0e3d3c472c7d4068faa01f	4840	WEB-INF/classes/com/technoetic/xplanner/security/module/LoginModuleLoader.class
661177a81a723b5022aae2f74a2f8279518eb1b36f759ebcdabd0745593495a3	540	WEB-INF/classes/com/technoetic/xplanner/security/module/LoginSupport.class
91cb57d98a76b62464c4dcbaca1956330a1b4652b64c8eedb86b05632484375f	2837	WEB-INF/classes/com/technoetic/xplanner/security/module/LoginSupportImpl.class
368d6c31fb8287c275c62c172cc1c6a30c24cce3fe1186ac2ae89054af7b1401	6712	WEB-INF/classes/com/technoetic/xplanner/security/module/XPlannerLoginModule.class
be396eb0761767fbfa9ed33b47c5887a479e0eb71e7cf10b60c48eb08912091c	5445	WEB-INF/classes/com/technoetic/xplanner/security/module/jaas/JaasLoginModuleAdapter.class
0aaedeb87a26ae72cd1324d7978b1f6f93d6ca0397547c3c3282da44f9d736df	2699	WEB-INF/classes/com/technoetic/xplanner/security/module/jaas/JaasLoginModuleAdapterFactory.class
a834eff11e0e27634441017617cabccc3e660ce9ed372eb002a182e7763fc088	1277	WEB-INF/classes/com/technoetic/xplanner/security/module/jaas/UserIdAndPasswordCallbackHandler.class
af283b14a4e72003b53ad546440b2f868a3cd8e822b1e8482e614b7262892bd0	3641	WEB-INF/classes/com/technoetic/xplanner/security/module/jndi/JNDILoginModule.class
6936b01e5a4fb72cea3b7c985ec182fe997280030e67a08cc2d96f92e55dd2ca	510	WEB-INF/classes/com/technoetic/xplanner/security/module/ntlm/NtlmLoginHelper.class
ef802a68d7f25d59a79428a0a5d40cd633d82e54c802a3ae457e1d605fcc64ad	2379	WEB-INF/classes/com/technoetic/xplanner/security/module/ntlm/NtlmLoginHelperImpl.class
9cab85dcc6d2ae241457da9e356eb03f25076c122b9f999dff88a5111d68a459	4774	WEB-INF/classes/com/technoetic/xplanner/security/module/ntlm/NtlmLoginModule.class
9ddc041a939dfed39485de0e5a8fc2975bef6437eda019ca4ab3c251f55c7c2f	338	WEB-INF/classes/com/technoetic/xplanner/security/util/Base64.class
220e4fae86b4ed0d7dd58537a90d45e8c6dd4c95c059be70edd9c1e86be3a0d7	346	WEB-INF/classes/com/technoetic/xplanner/security/util/HexUtils.class
b782d8c82ab5d10b017f996dc6415f72e25481a591b8b4f21246dea2cb6374a1	1282	WEB-INF/classes/com/technoetic/xplanner/soap/ObjectNotFoundException.class
1fce95a6d80b9dee33b9606ffc0269901f85d24ad2cba00a8d25a8bbfa3487e8	903	WEB-INF/classes/com/technoetic/xplanner/soap/XPlanner$1.class
fb15cf6a3120bf2fa18ad042809479142dc51b609a6069705d3741405553a885	1035	WEB-INF/classes/com/technoetic/xplanner/soap/XPlanner$2.class
ec3f8a0f9bd619ce18a8e3598164a7f4803abc15a5a65475a18a6ef8185a83ec	23545	WEB-INF/classes/com/technoetic/xplanner/soap/XPlanner.class
a9bbe98542c5bbc9e6583f9d639c88ad650313d5f1ba4db71667c48df9c6b24a	1626	WEB-INF/classes/com/technoetic/xplanner/soap/deploy.xml
85b839768cf700c8bdc7bee389be93dc22409b12e65c829da0e82478184b7c58	885	WEB-INF/classes/com/technoetic/xplanner/soap/domain/DomainData.class
6ed4e2ad495e75f1715aa848e366957fd8f7eb3ae58cadbf45c0ad1915016481	1148	WEB-INF/classes/com/technoetic/xplanner/soap/domain/FeatureData.class
84fd19037fabcb46ce3da6a09f3dc92103b49f95a9feef2886692fe71ae09c0c	3765	WEB-INF/classes/com/technoetic/xplanner/soap/domain/IterationData.class
8b2e6abd303f4fee0b9cfc8105042d76c8745e082d83eae286c662a29e5046cb	1817	WEB-INF/classes/com/technoetic/xplanner/soap/domain/NoteData.class
a1c79ef5e8450ba69f831897f7053e6eb11e9a1b8e7f0f530814ed312075a070	1477	WEB-INF/classes/com/technoetic/xplanner/soap/domain/PersonData.class
51d04f17794c2b30bd73a719549e9660f3c46e1feac158fabd942d8e3011eb47	932	WEB-INF/classes/com/technoetic/xplanner/soap/domain/ProjectData.class
9000a3de0c389f37a004a092df08296706e9b547a861a665b03344df074a405e	3336	WEB-INF/classes/com/technoetic/xplanner/soap/domain/TaskData.class
b90baa3f35904fe4ef5f9eb5a3672488ea907ba3584b1684d855917ed5e85256	2246	WEB-INF/classes/com/technoetic/xplanner/soap/domain/TimeEntryData.class
d604177616b727a8c2b73b894ee018a219917b02b68b875f1b75f907c5b7f0b4	3516	WEB-INF/classes/com/technoetic/xplanner/soap/domain/UserStoryData.class
596cacc3f98b272e8030ac4863f75607a5bd262c7f96493f0185491e4bdb0dbb	1620	WEB-INF/classes/com/technoetic/xplanner/tags/AccessKeyTransformer.class
600e5bbf060d560292d0f44ce94271f23ba1225b74dbd6c9a1bf468244c59e03	846	WEB-INF/classes/com/technoetic/xplanner/tags/AuthenticatedUserTEI.class
56b2737ba41f3ba2ca415ea8d4f99a51e6a9ba732e5653d7b200532799b9735c	2666	WEB-INF/classes/com/technoetic/xplanner/tags/AuthenticatedUserTag.class
61cee9dc255173f51e62903642ab80a492a1c3196a4754500d7c987e919cd1c4	2178	WEB-INF/classes/com/technoetic/xplanner/tags/CewolfProgressBarChartImage.class
d652f54cb7b687a25cf03274f4501d82ee836ec6a45d120490c0689be421d4cf	4714	WEB-INF/classes/com/technoetic/xplanner/tags/CharacterEnumSelectTag.class
163b5adc17999104119be602aa85c6af2696a396df2ac40ae0d6d3e14588a4e2	1617	WEB-INF/classes/com/technoetic/xplanner/tags/ContentTag.class
7d36bd715aad76c911958177fe170edef76e8f4debc1801a46ae847879ba7c04	1254	WEB-INF/classes/com/technoetic/xplanner/tags/ContentTitleArgTag.class
eabecbbeea9fb90a2f7d82e52c5c029ede8467bb3bdcaed0c556ebdf9dd417ca	2818	WEB-INF/classes/com/technoetic/xplanner/tags/ContentTitleTag.class
59a60cb7a2aee937017d0ffdc75a0b74e5a2ce1a5425716c3a69f4f45a08c814	2322	WEB-INF/classes/com/technoetic/xplanner/tags/ContextInitiator.class
32570c3abaa814964d10d7a3c9b654d182903d7e317a5d4be6825ded98ba9ce9	9094	WEB-INF/classes/com/technoetic/xplanner/tags/DomainContext.class
dc1eccf3ef2977c8a98ba23e8a01e9d5cb48bd338189fe904cd9a671638263d5	3774	WEB-INF/classes/com/technoetic/xplanner/tags/FormatDateTag.class
f60aa6cadbdbe25fb25879f8b4a4043fadf23636ecfb9ce1cd7a85f26fe9b60e	401	WEB-INF/classes/com/technoetic/xplanner/tags/HistoryLinkTag.class
983fe824b83e0827e37ce369fb97394226411f03146e4d0288eed35cae83760e	3260	WEB-INF/classes/com/technoetic/xplanner/tags/IsUserAuthorizedForAnyTag.class
e8f12e9fec9df5aed7e470d00acad99120a805ff4ed1843733f8dda0ab9d8ffd	4912	WEB-INF/classes/com/technoetic/xplanner/tags/IsUserAuthorizedTag.class
e9d84f698aaeb3376bf26735bd57752480e954371ab6fc46e4ae781f1c03d386	2544	WEB-INF/classes/com/technoetic/xplanner/tags/IsUserInRoleTag.class
a9c56760e244def652dd766607cc8ab78b3709ff47723abe7cc4d5b77bed40b8	2219	WEB-INF/classes/com/technoetic/xplanner/tags/IterationLoader.class
ea7f9b53f8902c0d3d564ba461017e0d23e0e6965392d7ed450560a35f9dea4e	2008	WEB-INF/classes/com/technoetic/xplanner/tags/IterationModel.class
58cf6243d7dca395e6c8acdd3788a8cf230797a4c824f9c66be7949cb5743e1a	1577	WEB-INF/classes/com/technoetic/xplanner/tags/IterationOptionsTag.class
860700371b77650ff88c64ee44ed272546619c105b0b1b288b3a26d70483998e	3529	WEB-INF/classes/com/technoetic/xplanner/tags/LinkParamTag.class
eb8038ceef8e584303f1a68d8caa9a5b4f717e4176b8900c90c2a2d9edf1109a	10704	WEB-INF/classes/com/technoetic/xplanner/tags/LinkTag.class
f5c6f0554f47e1f7d75c5b1c0511f59c516087fc2c24275375ec5ac4656eaf5b	10822	WEB-INF/classes/com/technoetic/xplanner/tags/NavigationBarTag.class
015ff4bc0a7c1f4d2ca6b651672731d5a98ff4f13f0dc2d6e7ac17875a25f7fa	2987	WEB-INF/classes/com/technoetic/xplanner/tags/OptionsTag.class
b30718924753083072026d694282b5c09526a5b0a3695ffe97fdc2d7f26a52b9	10349	WEB-INF/classes/com/technoetic/xplanner/tags/OutlineTag.class
78439ce6965437acafce5fefeee863813c75c05bcaeaa389e803c2393c299ac2	1285	WEB-INF/classes/com/technoetic/xplanner/tags/PageHelper.class
ec549ec978007c2057fb2718ce9a34acddbde0f36f0c8447afb50d33c8df4e3c	3739	WEB-INF/classes/com/technoetic/xplanner/tags/PersonOptionsTag.class
22385615e7b982915e3c99a98e232932519c44cfb9a804bb66935ba2062d9415	1901	WEB-INF/classes/com/technoetic/xplanner/tags/PrintLinkTag.class
6c1145ca3bc697f2398b5e5acf5da18154fe10eecf0a36f9db16d93c97103461	3275	WEB-INF/classes/com/technoetic/xplanner/tags/ProgressBarDelegatorTag.class
bdab3d54207eec7b211a9d382b142384baf5d39c13ed30c4893c24c8300025a2	3359	WEB-INF/classes/com/technoetic/xplanner/tags/ProgressBarHtmlTag.class
4178b68290fb403eda8c35b67ddcec0c4555c7d2362a6f986262481b665351fe	1130	WEB-INF/classes/com/technoetic/xplanner/tags/ProgressBarImage$Model.class
72e72821d4473dba2719dfb50d57ba091bb66ad3c99b1d10bba5524974b4ce16	7382	WEB-INF/classes/com/technoetic/xplanner/tags/ProgressBarImage.class
ca0361cfcbc09dd9ea3095105ada11800ff149d0b18e7041a2e27e6b8a65aa7e	5350	WEB-INF/classes/com/technoetic/xplanner/tags/ProgressBarImageTag.class
55a2fe605683e1ae9a319711c0bdb6dd2f7ccc0df4e56694614b551d7c35cdb5	322	WEB-INF/classes/com/technoetic/xplanner/tags/ProgressBarTag.class
9f66fecaf3ac410634f801e7a71ff742e580be411017dd29e8fc7f7b0dc529fe	1118	WEB-INF/classes/com/technoetic/xplanner/tags/PropertyEqualTag.class
6111d02c1ca43352b889957e6740908188f1fd0d21c4b9bd0f9334bf2350aa0d	1211	WEB-INF/classes/com/technoetic/xplanner/tags/PropertyTag.class
47a5de98821ed24e32d9269930d33ddc548a0cb06e404c6d4f3c24bf7cb12790	1844	WEB-INF/classes/com/technoetic/xplanner/tags/StoryModel.class
23addbbe275362da6ac1be9d2c419ec46897c604218702658019e52f92cc60d3	2203	WEB-INF/classes/com/technoetic/xplanner/tags/StoryOptionsTag.class
672aa11ad122ae39089a69ddcab742684ec593cb12a6293c48e3cf3a7bd39e9e	1098	WEB-INF/classes/com/technoetic/xplanner/tags/TilesHelper.class
e3526ad8ee943e006b08d81f30daab13b425d2d78999948aeb1480f994710940	6207	WEB-INF/classes/com/technoetic/xplanner/tags/TwikiTag.class
0ec64247fc2e2c5b624fdadcdd8a793085cfe666f4aa21ae9f273ea3b6c14d2f	243	WEB-INF/classes/com/technoetic/xplanner/tags/WritableTag.class
3f7cab6fb21d72c78ee0300c941c87a490d11422850b568840489f9f0e868265	835	WEB-INF/classes/com/technoetic/xplanner/tags/db/DatabaseTagSupport.class
81755207d9fb819973bb42eb6ee085ed6d09842c3461d4fd61c58a718d1d1c38	801	WEB-INF/classes/com/technoetic/xplanner/tags/db/UseBeanTEI.class
3f493f27c4ff892169c520ba35b4cddf7fca8b67cd7523b67435f4116e20e565	3698	WEB-INF/classes/com/technoetic/xplanner/tags/db/UseBeanTag.class
3bbed10d01fb7fec494975c62736e9ca8e57fa07d51988687822e0cf4e995ba9	1767	WEB-INF/classes/com/technoetic/xplanner/tags/db/UseBeansParameterTag.class
8586bab29a81c8e2387b9c48b3de956486227a5f5e72f6ea233fdb764af07b67	816	WEB-INF/classes/com/technoetic/xplanner/tags/db/UseBeansTEI.class
14946cad6edc74f2014e692e977e81c15e308e3ab49238c586fc952a503780ef	7114	WEB-INF/classes/com/technoetic/xplanner/tags/db/UseBeansTag.class
681c95d66c74ac9df069d2d254bc17541db1ebeadae4de7b1b8a340601aac9c1	3264	WEB-INF/classes/com/technoetic/xplanner/tags/displaytag/ActionButtonsColumnTag.class
627e9f5578715b319656b876733d481e692bef5d1278b454c58e7a148f455096	4652	WEB-INF/classes/com/technoetic/xplanner/tags/displaytag/ActionButtonsTag.class
2b84a00ea326c293ca2792f072b227c7d5f2283a5d9df040e9a5b3af3692b8aa	1478	WEB-INF/classes/com/technoetic/xplanner/tags/displaytag/ActionButtonsTagInfo.class
faa5d0c3ad371069b12b41f8e61fd4c53184eed38a1543c5fb2666c72017b060	1410	WEB-INF/classes/com/technoetic/xplanner/tags/displaytag/AllTasksTableDecorator.class
b3ab80bc33f7bbce28c1d0503f7fb2a09d01c930c25ace4bd7e64d4125e26f4a	704	WEB-INF/classes/com/technoetic/xplanner/tags/displaytag/ColumnTag.class
e5e8d2f3bc0cfd74dc4980f54e43629d007d8d728e42525f2f759b6fbd3bdc56	745	WEB-INF/classes/com/technoetic/xplanner/tags/displaytag/HeaderCell.class
9d20fa58004ffa78be386add13516364ceede186c85a8ae8ee6acd8cf7ed7bb6	1543	WEB-INF/classes/com/technoetic/xplanner/tags/displaytag/HoursDecorator.class
8f3f60af865f3bd787749e13f60088bf2d5b6e419648b817178f537cd7eb4afe	945	WEB-INF/classes/com/technoetic/xplanner/tags/displaytag/IterationRowDecorator.class
98287464f4d6daa4c13e16315f66356d97c50b4d0cbfc87abb0c41d181a3c717	1208	WEB-INF/classes/com/technoetic/xplanner/tags/displaytag/PersonIdDecorator.class
e5c5334df367773a8e50e5dbbea5cb6df1b7f87325cdd9d9f5aa15d861d5e49d	240	WEB-INF/classes/com/technoetic/xplanner/tags/displaytag/Row$1.class
7fa14a182fb3b29445f4171e776eba21cc76b633864a7eb843c93c7876427ce2	1280	WEB-INF/classes/com/technoetic/xplanner/tags/displaytag/Row$DefaultRowDecorator.class
26f460b65386b92fb7f4f7cfe30334d384ccbe94a5c808a1c01c64be4c617749	3865	WEB-INF/classes/com/technoetic/xplanner/tags/displaytag/Row.class
cb2cab6eea14aee124eb4839729da05790a62f945eba6229ea8945c5b872597a	237	WEB-INF/classes/com/technoetic/xplanner/tags/displaytag/RowDecorator.class
3a105d17ae67fff06c0b89d788e1849ba569737d9573c7c8e24a16c7828ffe60	2636	WEB-INF/classes/com/technoetic/xplanner/tags/displaytag/TableModel.class
1dddc9e67b48a0fe1e699eab3920b5e566ab24bfaf64f94190d2ba9830140dc3	2025	WEB-INF/classes/com/technoetic/xplanner/tags/displaytag/TaskDecorator.class
4fe4ce2ab519aa24657e261b007f15fd9dc5f8948c2c62fead351a9526d7d842	1446	WEB-INF/classes/com/technoetic/xplanner/tags/displaytag/TaskOrdering.class
68dbdc61e9a1e7d9a8ce0739710774f33067194c38bbaec5b2205607e517a628	1207	WEB-INF/classes/com/technoetic/xplanner/tags/displaytag/TaskRowDecorator.class
d1778682cda577cee82ca6b7169cc2266b1ef2859d66e8c636986935a02c257d	3411	WEB-INF/classes/com/technoetic/xplanner/tags/displaytag/UserStoryDecorator.class
3b8771469ff09a62e148f0eb8a59db2f08b92666fd6f213ba8acf27aaf96ef3e	3581	WEB-INF/classes/com/technoetic/xplanner/tags/displaytag/WritableTableTag.class
0f6ec38197ef67fbe6f9e1096ce2f7d2e86a575f34a0c9980e5d559bc0e6ba63	4386	WEB-INF/classes/com/technoetic/xplanner/tags/domain/ActionTag.class
2f04f71649737c4fda1bb46b486f97928760b98c35ed23eedc07038e50fa4f44	893	WEB-INF/classes/com/technoetic/xplanner/tags/domain/UnknownActionException.class
e5957c1cfb85f674462631d0b8d681d1708e72df7f54dbfb6d9d00e61843d23f	2209	WEB-INF/classes/com/technoetic/xplanner/tags/util/BoxTag.class
1c3eca5d5163bf0e6b524d6773f7c93670c7c42a3d5e942120059f9e5eb703e0	3666	WEB-INF/classes/com/technoetic/xplanner/tags/util/BoxedListTag.class
f0241785bd642b2e4d7158ee43dddf5d9682d6f765d28747098f7f3405149271	1543	WEB-INF/classes/com/technoetic/xplanner/tx/CheckedExceptionHandlingTransactionTemplate$1.class
35f38294700acea1a45ddee0e64b12a6d88715bbc4dcab802109035c7abf5ff2	1676	WEB-INF/classes/com/technoetic/xplanner/tx/CheckedExceptionHandlingTransactionTemplate.class
97b2d65aa8e7c141d57455fd380d174d2c5c615cec025b53400728e97be80694	211	WEB-INF/classes/com/technoetic/xplanner/util/Callable.class
ce7b865b87b6a06464235ad27504bb044fdbf77b97680d461629363b237ef494	3009	WEB-INF/classes/com/technoetic/xplanner/util/ClassUtil.class
5de2dbc6bb7c5026f9545829b94b1e09866e9226188e86a902742c80e3e5103a	290	WEB-INF/classes/com/technoetic/xplanner/util/CollectionUtils$DoubleFilter.class
8caf8d9149e384866b428c9b2836244995f0158146e01d07c40fd3a24c930e57	1154	WEB-INF/classes/com/technoetic/xplanner/util/CollectionUtils$DoublePropertyFilter.class
b79eb92cdd46b29e9d32c05a125d5c29f161e10cefe060d658b4eec3e666dab0	1200	WEB-INF/classes/com/technoetic/xplanner/util/CollectionUtils.class
eda14e925c125df9a17b6393155175205c0cb331c1814d52025bf86606f100a0	1701	WEB-INF/classes/com/technoetic/xplanner/util/CookieSupport.class
4ccf132d20832d6d8cad3b1a862d51890beed875acd3f3f774a1bbc79f371236	623	WEB-INF/classes/com/technoetic/xplanner/util/FileUtilities.class
fb95dffca818956998668ee54e1f01a78e8cc7f7bd60e33b4e005a874f3b670b	1388	WEB-INF/classes/com/technoetic/xplanner/util/HttpClient.class
3b1e6763269721795a072236919f83b8b50bfccc66d84af91573a404d7c13d43	3090	WEB-INF/classes/com/technoetic/xplanner/util/InputStreamFormFile.class
78f6324258d9d3cf741fa35c16af6ca6eef8cd332d2aa36477fdd2c9266a390c	1999	WEB-INF/classes/com/technoetic/xplanner/util/Interval.class
87637e9303e47892576e22724dbe526af036a5f82c0e89f03500ed64903b5a28	932	WEB-INF/classes/com/technoetic/xplanner/util/LocaleUtil.class
b782f913f3d07003a7443f0890d8b81852d8224e8c132afb4388802ce6b52c6c	1444	WEB-INF/classes/com/technoetic/xplanner/util/LogUtil.class
ceb5ac273b790e1a5d0b4e8e4f7f6c600aecdc63e3b79b23600ad5069ef16503	1903	WEB-INF/classes/com/technoetic/xplanner/util/MainBeanFactory.class
477c510807a05f743fbd9ae78f3cb956bcb56ea523cf7c5f443ff5d65aff11b5	989	WEB-INF/classes/com/technoetic/xplanner/util/PropertyUtils.class
7b284c8f237bf23f32dbb7a49f8a07f261230b872188ad22b1bacdeddc21b1c7	2252	WEB-INF/classes/com/technoetic/xplanner/util/RequestUtils.class
3eb89aa630c9dac47b19d059bb0fea16b15e94ea128c807ab047f0db38500eeb	3587	WEB-INF/classes/com/technoetic/xplanner/util/StringUtilities.class
1184757f7a983ccfdcd051fbb2aec6c9a6ba6510365c3f0629efe735e4c33750	1525	WEB-INF/classes/com/technoetic/xplanner/util/TimeGenerator.class
7a841d9f18d996379049d71a399991357339bcc3e1a0c46de739449a2da3feb8	1063	WEB-INF/classes/com/technoetic/xplanner/util/ToStringUtils.class
7e7e1ddf41e3cc7d1fc73821f3039f4855d19cba334737edf965f1b959c85f07	4686	WEB-INF/classes/com/technoetic/xplanner/views/ActionRenderer.class
9c55a9932fafacf2b4f07e84d94ea87cdc3ccda36b5009c8ccb237167925da23	286	WEB-INF/classes/com/technoetic/xplanner/views/HistoryPage.class
bb1f98772cf315eca73a9ac9b164d606b539096c4aada571209a2c979c7acfe2	546	WEB-INF/classes/com/technoetic/xplanner/views/IconConstants.class
89ac7c777ba93d5ed222d46aaf72d41a81d97c5a154468c745f6a888150ddff2	316	WEB-INF/classes/com/technoetic/xplanner/views/IterationAccuracyPage.class
9e49c11bbbd350469c61627cc8217e2672f89bd309946a6d6f76cdcc52670b0c	541	WEB-INF/classes/com/technoetic/xplanner/views/IterationPage.class
e15e498938f99019c891479c3ab07e5b2aca9fa92d533d20767c775d43500010	1171	WEB-INF/classes/com/technoetic/xplanner/views/IterationStoriesPage.class
954b5cce836feef0ce41ac36a2306b911507348816badc1c17912e59413e73c0	1552	WEB-INF/classes/com/technoetic/xplanner/webservers/JettyServer.class
c347b2527d65077d18120170c869c8dfc69998dc89b9f2c6c6ac8b1962460764	3617	WEB-INF/classes/com/technoetic/xplanner/wiki/DomainObjectSchemeHandler.class
57eb5d10018aa7ca4538ad71b22da306793dde32584e2801bc10bb94df6f0f42	2566	WEB-INF/classes/com/technoetic/xplanner/wiki/ExternalTwikiAdapter.class
a62c49bb95c4fa7f2b47faa7758bfc0abd4e135710d27690d080cdb17db31753	214	WEB-INF/classes/com/technoetic/xplanner/wiki/ExternalWikiAdapter.class
1771b60ae7162ea373533a78a2b1a82b67073ec469673769b1d5a4d585ef6f70	3667	WEB-INF/classes/com/technoetic/xplanner/wiki/GenericWikiAdapter.class
08d2eb78553432990b7d5bde6677515daa5f9d1d1af510bb1de6e984601cc0dd	908	WEB-INF/classes/com/technoetic/xplanner/wiki/PropertySimpleSchemeHandler.class
baaf7d5e993756e60f1fc583150b379165064e0fca734c1bd580aae0ff0a5b43	255	WEB-INF/classes/com/technoetic/xplanner/wiki/SchemeHandler.class
1a1655a78ceba82f79348bcf537d0ce86bdab9ab501d98ba48cc68d70cc90aa1	2097	WEB-INF/classes/com/technoetic/xplanner/wiki/SimpleSchemeHandler.class
4ef5e585dff1bd9aafcd9732dd95d39673b1709bfe579184700ffbaff16578c2	1063	WEB-INF/classes/com/technoetic/xplanner/wiki/SimpleWikiAdapter.class
32d49c186fb7c043e56b22b4adb21706436fd0b5cd0420a2ab61ba80ddf1469e	13738	WEB-INF/classes/com/technoetic/xplanner/wiki/TwikiFormat.class
543eb57294978392bc3153326eca4df47656d1f07ca6c3331763ff88f7258afd	13594	WEB-INF/classes/com/technoetic/xplanner/wiki/WackoWikiFormat.class
9893b3b4737ce968ee17469b53256a93359ded90750a2dd8c6cfa45670246b60	345	WEB-INF/classes/com/technoetic/xplanner/wiki/WikiFormat.class
791554ee4d4de0e45b8453025ad34d47b854226b5e8a48b68c231041a94507cc	1269	WEB-INF/classes/com/thoughtworks/proxy/kit/SimpleInvoker.class
729373443b77b63321ed680f451c3d3c10e09892065445741e43e7673f3678fd	2679	WEB-INF/classes/com/thoughtworks/proxy/toys/decorate/DecoratingInvoker.class
d53def0f76af4bb40e379cec8d2e8647358a909f0bf452842a896b01a5cdde8a	5207	WEB-INF/classes/com/thoughtworks/proxy/toys/echo/EchoDecorator.class
f2f8878b60e9d11935249cc407a51034adb0efb79184d84724e8efe4d9f2f2a0	21790	WEB-INF/classes/db-changelog.xml
844caccd2e7a183ffb7e3af0a8979ab090aced6547372d580a5f1315868e6031	3697	WEB-INF/classes/ehcache.xml
616545c17951b21cc1067fed110821bb0058ecd5f8869bb7bc1d89be1949776b	2869	WEB-INF/classes/log4j-war.xml
3c20fa812caa4529d8b5a66843c9317d6c5c12009ac6a33bd3925ce665ba59cb	585	WEB-INF/classes/mappings/DataSample.xml
917bdbe75b600fd7f3f3adecfbfc36b29df02730651a34778dc2270da500e2a7	1038	WEB-INF/classes/mappings/Directory.xml
cbce64c792f0ac77a2aeef7b61531ede8994bc8d5da9255481af1fb5f2dc07b8	996	WEB-INF/classes/mappings/Feature.xml
dfc782f07ee66c4d98b51d5508f5a9e660aceb0b01e56169adc053001d3919b7	834	WEB-INF/classes/mappings/File.xml
3cc0317668fad27cb2d2d8dc53d9bb3d88deef9bb4b8c37314b3b57cf51b1261	915	WEB-INF/classes/mappings/HistoricalEvent.xml
8412f3a2b1adb824ee5f727889f3177b6daac7e4a3b5765600b90c4c4e7c397d	1234	WEB-INF/classes/mappings/Integration.xml
c7b71df1942a0bcbf5142822faab1b02c11e5c331f5c36be40db6c72c3f306b8	1391	WEB-INF/classes/mappings/Iteration.xml
9c12775ba7f986d24c7ab4cdb8dd351a543af6cddf162283a9ab9cf631634084	13456	WEB-INF/classes/mappings/Metrics.xml
3844d22177a186e2c09359db04c035159b39ac54e5550f5ebf685fd95deafa9c	1192	WEB-INF/classes/mappings/Note.xml
3f2abd1b29762b520601ac79da886356c7b865904da2d4578e90248f9a0e1210	734	WEB-INF/classes/mappings/Permission.xml
f0e6326c10c053ca6d5427ac5ce5210a87f7c20d765b07fab37f2cd8e4359c6c	1099	WEB-INF/classes/mappings/Person.xml
8615df049c84591baa775c1e00422434bd5d4b030ea478952a8cd5257ed94181	1403	WEB-INF/classes/mappings/Project.xml
d2a692f1ac8beb918d6e86a06b20d50de9d4d97102a9bae90949007b5b4ff420	623	WEB-INF/classes/mappings/Role.xml
253fb02949d7ea038def233909cdc94a1f496321bdca1b5498f142e5b4969f37	589	WEB-INF/classes/mappings/RoleAssociation.xml
2e34ea743fadaa2707139f1eb92a098dea853854637b1f059dab2e13e8339f9c	1845	WEB-INF/classes/mappings/Task.xml
65c0f37749236be1589bf7fb228a69420ca94f6b4d90047856b03fb9b4217d2c	1009	WEB-INF/classes/mappings/TimeEntry.xml
0b52dbb7f426005a7936b953af44ae3213cae575fcb2790bd9a9cfd462ce7851	2300	WEB-INF/classes/mappings/UserStory.xml
1735a31af7b59c3fe20881cc2c2eaf96ad87db504753fadeb7ce3c21c5ad24a0	1755	WEB-INF/classes/net/sf/xplanner/context/ContextLoaderListener.class
a4f3b9d41166f0bd2d4d74ea2ee52343573e64cdae8cbcefc92c18cf8e78cfa7	258	WEB-INF/classes/net/sf/xplanner/dao/AttributeDao.class
ff9b8bd5f462de43a13ead52b962521aa1348a57c2ec18f20e62193648ea5a98	1021	WEB-INF/classes/net/sf/xplanner/dao/Dao.class
1af865c42dd37b96776fe231b1470b82be9485e045deeabd8f32297461cfd5fa	509	WEB-INF/classes/net/sf/xplanner/dao/DataSampleDao.class
961d6343e378bb61d7a6795676b0a9d480864288ecd2a41a256a3807017bd308	261	WEB-INF/classes/net/sf/xplanner/dao/ObjectTypeDao.class
ddc66ef83510a0b25064fc4b270b58c482b90e2fb8f97487b48ef3134da68fce	249	WEB-INF/classes/net/sf/xplanner/dao/PersonDao.class
5dc8b063abdf400d2cc10ec7505dc051b75cc927233c67434067ec4d5d570a11	423	WEB-INF/classes/net/sf/xplanner/dao/ProjectDao.class
7b55209c086d0e536be3a935203c971dc8af6009de56b13a93c019c60a5d165f	349	WEB-INF/classes/net/sf/xplanner/dao/RoleDao.class
49d0644822a7edffd7259e164027dda657b294cbb266b7d121093cf5d95250ab	252	WEB-INF/classes/net/sf/xplanner/dao/SettingDao.class
bd19404b2973e5880d6c92c54496aa6f36a85ff16f7cf36fe10fe24244008ca6	361	WEB-INF/classes/net/sf/xplanner/dao/TaskDao.class
ef5a87b007c49a061e9fc3c22a5efa2080e38d8bc253cb0556219efc63d5d09b	258	WEB-INF/classes/net/sf/xplanner/dao/TimeEntryDao.class
5d0bda8db358afa41af31887563980eef369e636674398027536d4195fae0260	476	WEB-INF/classes/net/sf/xplanner/dao/UserStoryDao.class
be7a92287347063aa672fb9b4ee6a5243c5c3050bbc57b31908faa676d79478a	483	WEB-INF/classes/net/sf/xplanner/dao/ViewDao.class
7388cd7c262a90b4a9771a4ab4ca539e6f055972b45cd69178c8c36a606baec4	506	WEB-INF/classes/net/sf/xplanner/dao/impl/AttributeDaoImpl.class
ebe91f338178d81379e46edca25b35c4d60208ef17d68c5eb0fdf81ae16f92b0	4758	WEB-INF/classes/net/sf/xplanner/dao/impl/BaseDao.class
14399dc60b48e3936fd5f7a90bb75d34815a4611e3170af4af4e0a38af395a93	2525	WEB-INF/classes/net/sf/xplanner/dao/impl/CommonDao.class
96f9f77979c16ce73dc50ae44ebf1c8d62ed65467dc0e5c1fdf74dfa9f195a97	1595	WEB-INF/classes/net/sf/xplanner/dao/impl/DataSampleDaoImpl.class
75ce4d44d016d9bb4aecad79cc55da40648fbef9df47c8b4d509a7a11d1a2a23	512	WEB-INF/classes/net/sf/xplanner/dao/impl/ObjectTypeDaoImpl.class
89389daf3d5e13404074ceed5c655ebc0b69f734f1f8d70cfd6f7f040b1ede14	1225	WEB-INF/classes/net/sf/xplanner/dao/impl/PersonDaoImpl.class
e72321e7ac0dc5f938e39ac6e48393f13926b97701e5aad4713e33937d9326a1	1386	WEB-INF/classes/net/sf/xplanner/dao/impl/ProjectDaoImpl.class
b10da79d0437cc6d6da24095f4dfc5f589a0fa610ee309a0fe98e9b20db0105d	1323	WEB-INF/classes/net/sf/xplanner/dao/impl/RoleDaoImpl.class
0d36735e3bd9cb6eae427a5b3d6321a9feed1508b7163a5d88b19b81be39da59	494	WEB-INF/classes/net/sf/xplanner/dao/impl/SettingDaoImpl.class
18d6b9fbae2c138cf85a4de1cb377d2e082e541be81b2910313954a6f702fe87	1863	WEB-INF/classes/net/sf/xplanner/dao/impl/TaskDaoImpl.class
10cc5c805561ef8690cccf04f703787fbbc196c9ffeda829c8af8c61d4a2f553	506	WEB-INF/classes/net/sf/xplanner/dao/impl/TimeEntryDaoImpl.class
e1f4c8625810e9cc98d0a61da21e0ea02e99972ee21f926926b53de2257ff3b4	2283	WEB-INF/classes/net/sf/xplanner/dao/impl/UserStoryDaoImpl.class
bddabe092908f93b93fec93b2a515345abeb2696d95fce732a001a08c8fe0c85	4408	WEB-INF/classes/net/sf/xplanner/dao/impl/ViewDaoImpl.class
8bf579844b7adc13470bfa58d2927f9abd55ee0b06dc1c00270316fed7f619fa	2149	WEB-INF/classes/net/sf/xplanner/domain/Attribute.class
6d83ba00b4ac5b428b11560f0a2163c252e77f05997ac538f2f0e02959878c77	1619	WEB-INF/classes/net/sf/xplanner/domain/AttributeId.class
8f29d491fc33382c4f172d3c5b5fac6d198a90efc0ec4c0066ce64f2035b686d	2778	WEB-INF/classes/net/sf/xplanner/domain/DataSample.class
0accd6e0196feef994b4ed4235401697abdc2d56f19f58a2bbf488aa084780ee	1347	WEB-INF/classes/net/sf/xplanner/domain/DataSampleId.class
f3ec4baef240ff84eeae627e76ce08ed6ceaba7c528d07e56e6b07697aed8dff	2176	WEB-INF/classes/net/sf/xplanner/domain/Directory.class
7f7c33c08b60dfa3d5c03735aefbf092faf238beda32accc8da29489a90f1ee9	3206	WEB-INF/classes/net/sf/xplanner/domain/DomainObject.class
9ebc00d2487bfc4826ee00e67d3724083062159f8c859af6a549844a6b205266	1994	WEB-INF/classes/net/sf/xplanner/domain/File.class
2e15f24d3021ce8b940fbaf20def40002cade6c7d798c25f38ac2668d69c8b67	5469	WEB-INF/classes/net/sf/xplanner/domain/History.class
4cd1b22415ab0c8a28a4694982cbbc1857785a3229d88e5d934b8beee85fbd90	908	WEB-INF/classes/net/sf/xplanner/domain/Identifier.class
bc7d7512bc72c61744fddb07907a9b4719d7cc1e41991e98c2b7d5e6b5f0705b	3567	WEB-INF/classes/net/sf/xplanner/domain/Integration.class
76da068ebec044410828ce2799b9b6e2d04f2a48bfcacf8aad2c487c47a73a85	12699	WEB-INF/classes/net/sf/xplanner/domain/Iteration.class
5f3cf35ac0656c4e3a0b659c3a58c48d1ee264834ae0005b3147e4660aeb8a78	1899	WEB-INF/classes/net/sf/xplanner/domain/NamedObject.class
fabc255e70c0ada07b6d72b517b1c8136586bd33028220801bb15e710dd6ef3f	3841	WEB-INF/classes/net/sf/xplanner/domain/Note.class
1a416dbb39040c4906e8c554c68ed359d8c4c9a854198b9809c4ebd2fe1ba480	1285	WEB-INF/classes/net/sf/xplanner/domain/NotificationReceivers.class
17a51e3ee342baf5562c62673a92106dbfd93e79a3c91de1be98f414bde6825d	1499	WEB-INF/classes/net/sf/xplanner/domain/NotificationReceiversId.class
273605e5e0be1ff29290de1fc2e4b6f46f1cbee96784359e7e5613b416c60394	1367	WEB-INF/classes/net/sf/xplanner/domain/ObjectType.class
7a08d80c969a29d2f63963deea1a2732490e4e07c468f54072b57c7735eacda5	2044	WEB-INF/classes/net/sf/xplanner/domain/Patches.class
d65f0c8c88c6003809703fe773498a720291a275f74de6efbc9fb3d297beddc3	3633	WEB-INF/classes/net/sf/xplanner/domain/Permission.class
5ace4b9b76cbaaa9f9736b91ca8a9a9374f4c990b8f4af6ddcce7768308025e3	2525	WEB-INF/classes/net/sf/xplanner/domain/Person.class
6d67b6ed527f652c49acd1267b58fa825733a5a5c41adbb0fa5e4f2770a9f336	1765	WEB-INF/classes/net/sf/xplanner/domain/PersonRole.class
d9392c17772f83c99dd071e0fadc35162c04e503ee6402f956c4acbae13867c0	1741	WEB-INF/classes/net/sf/xplanner/domain/PersonRoleId.class
2e200234e2d85b941797bd3b45cac33bc3190d22175000f319647316e2536c41	3494	WEB-INF/classes/net/sf/xplanner/domain/Project.class
5b1e3bd29604b475798301055a4d5ccbe36665c96ee4503957d154c8353398e4	2188	WEB-INF/classes/net/sf/xplanner/domain/Role.class
d7e2440944f02ee11eddb4fea2126c0d47a553f8c7ee841cda10c2b6060fd7a4	2076	WEB-INF/classes/net/sf/xplanner/domain/Setting.class
570985ff331df0ba5aaeabc958d0837c5633782ccbac106da236b7c1c547a83c	11540	WEB-INF/classes/net/sf/xplanner/domain/Task.class
4ce7c01fe33eb5c4ef526ac98fa43376fe30da9ce1c73c6a138de0c5fb1a9274	3903	WEB-INF/classes/net/sf/xplanner/domain/TimeEntry.class
c83c10f53c89c9f53152471a7fdb340cd5e78cd8b07e2f455180717d077f599c	847	WEB-INF/classes/net/sf/xplanner/domain/UserStory$1.class
6ef278541c925e11263c7b7f8d882f980fa6e92519c45d044dea36920f49ee73	882	WEB-INF/classes/net/sf/xplanner/domain/UserStory$10.class
1dc15189055b65bd95dd1908e10ba0ab5778b7ac6b78461ef295a551c6753dba	900	WEB-INF/classes/net/sf/xplanner/domain/UserStory$2.class
05619358644536b191284e535abd225d08298812d57355df6853a0bd35f1c1ef	879	WEB-INF/classes/net/sf/xplanner/domain/UserStory$3.class
b4bb0ff60843a9d2b623f0fdfa8e278f9eadff0926e8d68b3f1296ed6674d047	883	WEB-INF/classes/net/sf/xplanner/domain/UserStory$4.class
81643aeae42943d42cf502cd58a9f4d7474a89c303b1dbb4e0430126cab29cf7	892	WEB-INF/classes/net/sf/xplanner/domain/UserStory$5.class
e376dc0895bf31b16aae3348c73df82a41eb9d75a99eed800f7603ac5ddbb88d	908	WEB-INF/classes/net/sf/xplanner/domain/UserStory$6.class
4b6b0225940089958b8a34c9c6d75da36a7af29451440964d2af12afe81461aa	910	WEB-INF/classes/net/sf/xplanner/domain/UserStory$7.class
f60806791b256dd99e43a4b5d07c2804da8d61858e5afdcaa25ea62bd3f94303	854	WEB-INF/classes/net/sf/xplanner/domain/UserStory$8.class
27e7e4562cd3b801b1b15d0a91f9ea9c50b98bc44d43f7aabade710cc590247e	855	WEB-INF/classes/net/sf/xplanner/domain/UserStory$9.class
886a1c1f2a80cb23335996d504d037210708952f496c3821b1d2a96232bd636b	18118	WEB-INF/classes/net/sf/xplanner/domain/UserStory.class
478cddc86596b7dd59a7edfb8816a65030144034db0eae5b9536e932b26ec7ef	1942	WEB-INF/classes/net/sf/xplanner/domain/enums/IterationType.class
60dc1cd0fca78c3e3aae4edf6a7a8e7cba8500d8ecc7eba6a83333e0bf95ee6e	1166	WEB-INF/classes/net/sf/xplanner/domain/enums/SettingScope.class
1666d16021c297d15f17238f5b3aa313b9e18edde91683ac501516034cd58cda	2024	WEB-INF/classes/net/sf/xplanner/domain/enums/TaskStatus.class
b329f809f02f459f88af24c3b0320c1fccfc1417448d945fa58484a5deb976d6	2802	WEB-INF/classes/net/sf/xplanner/domain/hibernate.reveng.xml
15c59f0353a2739e90df1bfdad145466978707fb2f8c2ba1defc61b87cff75e6	423	WEB-INF/classes/net/sf/xplanner/domain/view/IterationView.class
243b1b7a7cc6649cecc8c6e2f6c0bfc6435196ace99816a240c17db7b46fea88	2006	WEB-INF/classes/net/sf/xplanner/domain/view/ProjectView.class
a5e0cccc28e2cf5b19b2913ff025f38efcb82f4092bd7aa2b1ba0e0b831a706d	1715	WEB-INF/classes/net/sf/xplanner/domain/view/TaskView.class
7af3994d06cbbbebc24126a0192927890b1d7e957bbe5aa8d069df16aa16915c	3306	WEB-INF/classes/net/sf/xplanner/domain/view/UserStoryView.class
fb99b6b8501870e036aee2e488076f2a2def9bbd831f160bc50bb5c62b7a7d06	1102	WEB-INF/classes/net/sf/xplanner/dwr/Project.class
07793947fe0d76997e5a644a73339dcd7f621789994b5c34b8bfc7f024c4f1e0	156	WEB-INF/classes/net/sf/xplanner/email/Content.class
4be116dbe54e15279f021b88d897b1a91da3972aa309f604db54eb8ceb78e7fe	625	WEB-INF/classes/net/sf/xplanner/email/EmailContextHelper.class
1818108dd67680e7aea94a28f6a9d7673254d59276f16d82a9a7152331c691c0	1048	WEB-INF/classes/net/sf/xplanner/email/EmailHelper.class
c05e42bf1918821789eafc7bf7ae1cf4386c887dc069c4cc00b297e19f40a2a0	1890	WEB-INF/classes/net/sf/xplanner/email/EmailPerChangeListener.class
b34c6cd88f2b8580806c2b98c6ede86e6d80404cb47b1dcf7c48dd23d5f61036	2074	WEB-INF/classes/net/sf/xplanner/events/EventManager.class
5844d9897cf046a9b61ecc39e37e4302f823f1385efe649f781acee960da245a	808	WEB-INF/classes/net/sf/xplanner/events/EventSource.class
1319246077b3a2547f4933ea42842ba35fb13cd95014ff25e369c4cc1b30c9a4	608	WEB-INF/classes/net/sf/xplanner/events/ObjectCreated.class
7d5310504276f0089a5d42331f803efa5b3ba493352bc8d43d7ddd3d7af4fb8d	869	WEB-INF/classes/net/sf/xplanner/events/ObjectDeleted.class
d2e1cf3ca9d56087ea8980560f6e661930e797fbb8b71e7d02adf8288c0e0066	850	WEB-INF/classes/net/sf/xplanner/events/ObjectUpdated.class
5ba2911d44e23f164a81c065cf379ff8ab23a5156d1384f82c73ed1ba1ad7084	169	WEB-INF/classes/net/sf/xplanner/events/XplannerEvent.class
7986d4d8ff49e08c76b7450a1ee9802085cf3db9290407e2de578e8cb117bfac	2024	WEB-INF/classes/net/sf/xplanner/functions/Functions.class
9c690bd69e8e7788d86f1141de007e30e6a8c7b1e0a71a13b3dab31832850786	6003	WEB-INF/classes/net/sf/xplanner/hibernate/AliasToBeanResultTransformer.class
ee27158481aa515d124cec146f8af416888a81da9e7fa84b520e23584201631a	3102	WEB-INF/classes/net/sf/xplanner/hibernate/ObjectSetter.class
2bed309533284378db31350744c82e4b7c728f8ea8a4a100b0df9a17580dcd60	1203	WEB-INF/classes/net/sf/xplanner/rest/Result.class
ec0344322309a7082aa9a952add127fe6fbdd197a03f0ec10fcdba90eff25ed9	1949	WEB-INF/classes/net/sf/xplanner/rest/UpdateManager.class
09acc182d247f8cc9cb82e61a7aa15317b20b3908216cb2324a10fea6cb8d5df	1431	WEB-INF/classes/net/sf/xplanner/rest/UpdateService.class
68db5622648d4c43a4cc0e005da7b99e727cf06fdf6d24d072b78d458bad3584	1081	WEB-INF/classes/net/sf/xplanner/rest/ViewManager.class
46ba4c42883f8ddc9f7cbd88a59c7586340d719050fef4cc032251b1f08b663e	2069	WEB-INF/classes/net/sf/xplanner/rest/ViewService.class
4b12ecda9b24de5b9542b38dd02fa943956ea3fcf7e57a6aaea4e6ec00baadc3	1786	WEB-INF/classes/net/sf/xplanner/struts/XPlannerActionServlet.class
e05d94a6ab79519906bce4551b5ab801e88514bff5784f3a412a243b18ae6069	1879	WEB-INF/classes/net/sf/xplanner/struts/XPlannerMessageResources.class
b99ff002a6380e7b0969a55e33844033264207cee9e42c867e33e7b0b8fdd594	9649	WEB-INF/classes/net/sf/xplanner/tags/NavigationBarTag.class
b49a5edadc1ecd4d6489fd5b05d7cd4eed917e9eeeacf36ec95762d298c0756c	1095	WEB-INF/classes/net/sf/xplanner/tags/domain/Link.class
68c5fc7be17a2e33a3da301306a0f3477b47898bbad940191b670282af286fef	1994	WEB-INF/classes/net/sf/xplanner/util/DaoScanner.class
822f73537006ad849e657559a5de1ee478314ef9c1541b673ee6e3391c790a94	1878	WEB-INF/classes/net/sf/xplanner/web/BasePage.class
301fb718d39cab82c72149168ae136e9ab80f458f98410320df6ca5301a9eb2b	1175	WEB-INF/classes/net/sf/xplanner/web/CommonObjectHandler.class
9bee10078afeab76744567066a2ff49278269ca886f0b383aff96208bfd0ee2b	2982	WEB-INF/classes/net/sf/xplanner/web/MePage.class
a080e7534081987a696f852811d40ec30714ec2181753884f1060d8ddc8c5233	8212	WEB-INF/classes/org/apache/struts/upload/MultipartRequestWrapper.class
f2821607c1ee4ea4edff20d8538ff41413210615c6b00816dcd545376fbe6121	5030	WEB-INF/classes/org/displaytag/pagination/Pagination.class
25dfa2addbb44deca8d01fae03e98ceac8ddf8093a974316c24e61184f18831e	6502	WEB-INF/classes/org/displaytag/pagination/SmartListHelper.class
a6ac5151ae1e5557015b55b61eefa2f65c98feabcd0ebc75b695303340ce5bf5	858	WEB-INF/classes/org/displaytag/properties/TableProperties$1.class
0e40feaac120ede9d5648db652d57eef652f9a5c42f7298c5e6d49ecffe12a6e	1057	WEB-INF/classes/org/displaytag/properties/TableProperties$2.class
ba4be33225eca0c75c758e6f9037b230523ff7d6a5e36867f44b75f587f28734	16673	WEB-INF/classes/org/displaytag/properties/TableProperties.class
b378b276dc8c77d400817d10a3151ce1a2f321732f05eba45b45a909d396a815	2977	WEB-INF/classes/org/displaytag/properties/TableTag.properties
87da0d5f12b1e972108dc4b8ed88c0db53abc644c2fd78441d1080d53c8550e7	12372	WEB-INF/classes/org/displaytag/tags/ColumnTag.class
cc620a03ef038d7e7a1306b164719666631a1bf0c1452eddb8db7e9e0cf3adb4	28690	WEB-INF/classes/org/displaytag/tags/TableTag.class
542ab39217b300c457d267c92eaab6e836319838f901385b488fe1b017a1c626	19717	WEB-INF/classes/spring-beans.xml
f6329e368f801df2d32db6f3269318d86c95368c27c2d2e398888197001b5e19	2906	WEB-INF/classes/spring-caching.xml
6fcff0b68810b24f9a8a0e327131edbd0ea40d76c87745739ed5ea2e89cbb05f	2850	WEB-INF/classes/spring-dao.xml
7f62a92664b6365361ad873f8ce66e5c0518baaf1edab2e65baf3cd6a15757ea	4027	WEB-INF/classes/spring-security.xml
416b61112957861bc5a844e03d467fff70b0422abb1d35a866da1a6f1da7dfc5	1743	WEB-INF/classes/spring-web.xml
22d103aab98f5ccf5a3e54876ed53daf1685d3bd7b43cd1cc22699db080eb669	11442	WEB-INF/classes/spy.properties
c3510c22fa7a4b1c82c6d6ba702f52d5fa10ddf47a7a8e544c1d464d1c48bbd0	2029	WEB-INF/classes/xplanner-custom-apdbuild3.properties
28170bdeeb4fc74e32a062ecda2082b0a21ad11dc4f1b9479b390a6eba53b6b2	2163	WEB-INF/classes/xplanner-custom-apdbuild6.properties
f17bd5018127414ee1010a8a10f54c688b9802267b5da7f911fbf2d621777765	1636	WEB-INF/classes/xplanner-custom-before-standalone-install-backup.properties
eca0ad809f1cad2bee9c33f2a4bded3b078311f5a4f8349c4cec14c2094f0402	2950	WEB-INF/classes/xplanner-custom-production.properties
6819db6c8790e1a2bc44553b2fa30b4a62ca41a2343228626697901725f6d58d	1208	WEB-INF/classes/xplanner-custom-standalone-install.properties
6ef380c6df8f0e0b5eee0c9ae446ca697331fa5a8a8f4657c893c68e268b2e4f	1627	WEB-INF/classes/xplanner-custom-template.properties
3835155e5ea32c3361785e231775b5d5b8981e0b7d5756f80e6c8f1b66885040	941	WEB-INF/classes/xplanner-custom-war-install.properties
4566b40e588428cb12cb38fc8c49a2bfe38b42c141ffa70e49a43335fe46462d	2071	WEB-INF/classes/xplanner-custom.properties
3343e9b419926a38810e975d39b30c860ed1a1c43895028b938c83bbbdb3f722	12597	WEB-INF/classes/xplanner.properties
646b4b1fb2cfc5bf93dfec3c5d7bdc83c0055bea6b45c4a8cb007237a7a0831b	35645	WEB-INF/displaytag-12.tld
f0ec04e96650501ff2d947ffc4666ae0231e0f352f5b981ced73c083f6bffce1	221	WEB-INF/geronimo-web.xml
0d2071c81e7ae41e018c20a368f2f9258c6c6ac8c4c512fd09d88b81b17fda77	2486	WEB-INF/jsp/common/baseHeader.jsp
17df4f57121df03c7803210220e55f3cfec06a7b76847166485a156fed6f6f8a	9736	WEB-INF/jsp/common/dragdrop.html
2dfaacb57408852fb56b30b8f5bd25af54a44cbcdc208a76229c9ef0460240e3	1803	WEB-INF/jsp/common/footer.jsp
77f9a259c0076ce057e253b8ea5118af35c9bf6b69b1c6c3cc5bc351524b249e	313	WEB-INF/jsp/common/formattingHelpJS.jsp
5a663a716879d8c9c06fc9e96abe31b0962164e7ea4c16b0ec72cf751337f17d	189	WEB-INF/jsp/common/formattingHelpLink.jsp
d6e50a28045627cb9a18f2de8b4358bf7f6a102c9a6cd75525e9814cde5012c3	1478	WEB-INF/jsp/common/generalError.jsp
84b228809459c1d246763bb4cedd169106faac583902d1120661002b6ddeefbf	374	WEB-INF/jsp/common/header.jsp
f42b9a689f61f3594dd14889a2caa29bec3b9ac7b55681897068b69807723726	6347	WEB-INF/jsp/common/unexpectedError.jsp
9f4a96de6027cd7df0c7ae4e67230b22a026ff8f04d058892840facda89e185b	2825	WEB-INF/jsp/edit/continueUnfinishedStories.jsp
a4b9c57df605ef2b5da2b76d90b2d360d5e22b3e579387060eb74c156eca3996	3359	WEB-INF/jsp/edit/editFeature.jsp
e9c9f94f4df753a0d4f08f40451a4d78fb038b73c9f711c7b85694a3dc0b40df	5599	WEB-INF/jsp/edit/editIteration.jsp
051bfcd5847a93a4d5c8280aa7155a71e423c6a699781e7023f2b9615942edd1	3553	WEB-INF/jsp/edit/editIterationStatus.jsp
08b344f431451d9ee6c0d4c66cb0248a31c451f170d36d3cc1253b32aa483a9a	5286	WEB-INF/jsp/edit/editNote.jsp
07803f4b21c0a5ec92c4150720c9ded3615fe8ce7455bc600f8e4908a1c2df2e	8616	WEB-INF/jsp/edit/editPerson.jsp
83d60dce02e4db63b5fea3f4c2b712089c4c2529b6a302794f7dec594e818e00	8232	WEB-INF/jsp/edit/editProject.jsp
5f9d71a0134737320885bb1415ee57c89c13ffcacb09d153d2d2be5eb3c49f48	4155	WEB-INF/jsp/edit/editRoles.jsp
a5bf1b829d35095c447cf0049eed34101d2872d07d5c2bae79346280f5d14f92	8067	WEB-INF/jsp/edit/editStory.jsp
932e5be8e2178fc3eeb6db4d2f0ed2481233571f30d4655b2625d054d18fc0e9	6949	WEB-INF/jsp/edit/editTask.jsp
b36fe2f0fa3e625564c0aa6be3b85f48f93283cf4f0be4c8973f34f602a22fdf	3346	WEB-INF/jsp/edit/editTaskEstimate.jsp
53f90869fcd663fe8e8f5a2d87f40d9628b830a11eaa6616b33c41b72fc20fda	8577	WEB-INF/jsp/edit/editTimeEntries.jsp
fdd0e4af35eba753227b7045444929eb65156024cc215de907055cc2d315fdc5	3767	WEB-INF/jsp/edit/importPeople.jsp
df819c2d057d744a6196a2d29fcf84dc395b2eaa22c4be7bc2e6b7753d746283	3075	WEB-INF/jsp/edit/moveContinueStory.jsp
12551a527ed313d9278a251879e39fd7ed3c18789821b60f94dac48cf20f7a65	2753	WEB-INF/jsp/edit/moveContinueTask.jsp
d38002c8b7c1180970faaa4f748af4a3ff09d8a6d02b61905777c3c65ff4b3e7	1760	WEB-INF/jsp/edit/moveStories.jsp
112961caac725f093d2ba9dd3fc34604d401a74b3082fa63ff53feb929630168	5214	WEB-INF/jsp/import/stories.jsp
7a02cfbce6ea32cb6b470f1346bc5c4806ed5abdee153f3457fb4b928a5f56bf	3051	WEB-INF/jsp/layout/defaultEditLayout.jsp
f89272bd445e7b332a52641823843682e01c467457fc8ae2c3fdfe25b891032c	2462	WEB-INF/jsp/layout/defaultLayout.jsp
0f7f70acc84ed5fbb2f2706b1affd4b94e07daf4963f7ea211be3907604f43f4	2299	WEB-INF/jsp/layout/iterationTileParams.jsp
16012e95039040c12c4f67a22ff923b50d97942960ec457500d259cf16b75f64	448	WEB-INF/jsp/layout/viewFooter.jsp
a9a235c93b94052473bf6068a125d82cfb96040374a80758b0c7c491bbebe02a	388	WEB-INF/jsp/layout/viewHeader.jsp
a1d8e4c950d643ea5a30afccc229acf2fb850a363988a7c7bbeb94308ef84ae5	5915	WEB-INF/jsp/layout/viewLayout.jsp
2213961941e8583c16bca2c6d46e2db4b9a6be1f29cb7aa57bcac82f093173b6	5825	WEB-INF/jsp/layout/viewLayoutNew.jsp
b73de398a388d8579342f4cfbd37e54400ebd5259f25aef6e15631d9a0993faf	3183	WEB-INF/jsp/security/login.jsp
4b024dab03cdfdf87c3b7946e0420816be3deb8022bd147a23e3e5aec2618923	9213	WEB-INF/jsp/view/aggregateTimesheet.jsp
d8201577b005839ee9609f66e9d0d5148b7836a9e4da466762a0648346372c6f	8313	WEB-INF/jsp/view/dashboard.jsp
9a122aca05db46d1ec2dad620dcc05d94435dc4a32e0d219629fa690c23b5b7f	3826	WEB-INF/jsp/view/directory.jsp
c7ffdc483f3b8e7efe5e008c9a1857f62a061c395441d9224d838935f8f8ae2e	2376	WEB-INF/jsp/view/exportLinks.jsp
721f0d248d383a0975164a69dc19c0a5b612113fb9eb53c6002c071d0411e6c4	2411	WEB-INF/jsp/view/feature.jsp
cbeb06e89062292fdb50a27ef79e4e12ca4c453edf77a6de2aa8119f67c4433e	6822	WEB-INF/jsp/view/history.jsp
9f9db0f91beee733b494491b3e7e034e507acffc41ce705392d3faa4b72fa5ca	10411	WEB-INF/jsp/view/integrations.jsp
1aa4a9c30b66c1a77169bfd4e0954419c36e87b4741ee48d12c7347be230a8a0	10734	WEB-INF/jsp/view/iteration.jsp
0e785a4695cbd8a3fb1213ad8ace1bdf75daaaef94a865ae29b55482ecdfa408	2497	WEB-INF/jsp/view/iteration/globalLinks.jsp
0e995cf6f9ec9960a88e2e26461dadf12909abecd829254186685a6dabf51bee	2146	WEB-INF/jsp/view/iteration/links.jsp
ced3a81be9910aa10e9376d5407a7cc177789dcd4b2def28faed520a9293edc8	839	WEB-INF/jsp/view/iteration/progress.jsp
ccc41cab8821681bd38f776af32a68129ebc7b943b50200b91f85285cf9322ad	12369	WEB-INF/jsp/view/iterationAccuracy.jsp
8d378ce484e865d528756be93c35ce6847acf496005bfaa20bf6e05074ec9230	4276	WEB-INF/jsp/view/iterationFeatures.jsp
bf3e48be744371ed9e2ad39d8f72e7b1f9dac06ecff0fa9ae22ba32635eccf5b	11195	WEB-INF/jsp/view/iterationMetrics.jsp
43def547579a96c162c0716333e8920f6f981a0fb2d6dae4d1e2ae14c4bc46cf	14436	WEB-INF/jsp/view/iterationStatistics.jsp
f9ce1c61f66dff89795e6f5c531032694420d3ceb851c87f6657270329608c73	8972	WEB-INF/jsp/view/iterationTasks.jsp
755879410743b594d2c4b9d3a30c9a743fea8f855f8cdc999df76a2984648c36	4930	WEB-INF/jsp/view/meStatus.jsp
3214c7509e7458f6cb20f80aba4b700c309df8cfd569765f595edf550f1429d1	5209	WEB-INF/jsp/view/notes.jsp
fd649573d7b47780d3d9f71b3dd1631a8f02622d8b91902b83be9ef9e3abcd2e	6004	WEB-INF/jsp/view/people.jsp
2c43a4597e89b4f7baf056abca69299d212440aebdd24487009672e9969c023a	4408	WEB-INF/jsp/view/person.jsp
0f7b1044d7a7ae503e614a8c987068494abbc4e8dafa97c2895066d0015361ec	2595	WEB-INF/jsp/view/personStoryTableFragment.jsp
9fb13eb94caf592e96213bf6363e2e7368f697da73a7545e1fda078593291ec9	4124	WEB-INF/jsp/view/personTaskTableFragment.jsp
a389f9a5cbb2f2941dff79ba1c539c1e46cc54a550ee38471da2eceb3e2e0559	6290	WEB-INF/jsp/view/project.jsp
4ac8721451de923d5106ec61491a7c17eb64caca539e432becfcf57e4a3fe52b	5922	WEB-INF/jsp/view/projectFeatures.jsp
b70ea362984d5eede3ae2d3a33365323a5411e858ae66ac525e01d05493fe9c7	6760	WEB-INF/jsp/view/projects.jsp
fdc04948cdf14d8e331fc76614ca43d8243a95c0df99e27286d7db4f36fc7f62	2549	WEB-INF/jsp/view/searchResults.jsp
21a1dc4d11abb2a5f6581833887ff6e23c408e142f898346aa28db935d5c6187	3368	WEB-INF/jsp/view/settings.jsp
07a796a1fae35b5d603c7bf4881a96d6f5d46b802e6f9aab3354a2e73d12f299	15540	WEB-INF/jsp/view/task.jsp
cd56c5823ff527468ee36a9bb61bb589e190d0da57f0492e6d5f1bb4fb32d889	9953	WEB-INF/jsp/view/timesheet.jsp
49e9bfc36cce8a4d873d0ebb218de24b83a95798eec6be48826705371cdafd22	12365	WEB-INF/jsp/view/twikiformat.jsp
68a0a1691eddef049ce4f302c205162ead1388bbbe5f88dce4f70025e063f6a3	13271	WEB-INF/jsp/view/userstory.jsp
596b58a71a2909aea8c93ea8b6498dcb8f9bd564ea10e5c53281e9f6d0e41af7	713	WEB-INF/jsp/wap/auth.jsp
acb08b1fdedbe44277df72412015d87039263170dc1577f98b7923acb1cb0558	1633	WEB-INF/jsp/wap/iteration.jsp
00852c03b536b24d3eb8f6901e358e92d2d760edcd5ff6af836bb558f163cbb6	1088	WEB-INF/jsp/wap/login.jsp
f99be08eeaf00c4e552d6b612ae92b067f84ee45e1dcb559414b3f05feff8455	1389	WEB-INF/jsp/wap/person.jsp
f9264ed84e5f12b5374f60b85bf83d18b54897cd85af388fb66274536acc78c0	1403	WEB-INF/jsp/wap/project.jsp
1820a6c98494a15808ef5b65a277a8452dc7bd0091eb13557b9e3daab39b1ed9	799	WEB-INF/jsp/wap/projects.jsp
43030f95132cff9caa0089c9d75b2355ee1cb180d7e054ea8acb468584131b85	1819	WEB-INF/jsp/wap/story.jsp
8a639aaf8caa18f832a7755d01b655ae1823daf390a431b9e9999992a6fb77c6	2328	WEB-INF/jsp/wap/task.jsp
846f22648b244e521ec8478b1e3c9606f487f0577022d3c0c6f7b9d5d843ffe1	54665	WEB-INF/lib/activation-1.0.2.jar
df74f330d36526ff9e717731fd855152fcff51618f0b5785d0049022f89d568b	443432	WEB-INF/lib/antlr-2.7.6.jar
0addec670fedcd3f113c5c8091d783280d23f75e3acb841b61a9cdb079376a08	4467	WEB-INF/lib/aopalliance-1.0.jar
333ff5369043975b7e031b8b27206937441854738e038c1f47f98d072a20437a	43033	WEB-INF/lib/asm-3.1.jar
17731fe321a7a7cc3b56cb797634b8ec29fa0322004886a1523bbc7bc7eecf71	63966	WEB-INF/lib/avalon-framework-4.1.3.jar
05aebb421d0615875b4bf03497e041fe861bf0556c3045d8dda47e29241ffdd3	1599570	WEB-INF/lib/axis-1.4.jar
2dcf977a27bb9c917738386c16fc8690706de577e01982d8fcf079e41e90cd3f	33514	WEB-INF/lib/axis-ant.jar
8289b04f7f4f9fd7d4613198925f7b63cb8c9bc4a6f84798e8ca0d07e17c33eb	203807	WEB-INF/lib/axis-schema.jar
e9d25b0b73aa428aa634833c27333ebc678b650f484027802bc9442dfb7410bc	354700	WEB-INF/lib/batik-awt-util-1.5.jar
d3f5f34915ce88daa159fde4f0d450c4d752d2cf1598e9d639e4741519f5b105	87407	WEB-INF/lib/batik-dom-1.6.jar
f8b67a1b159a16d29ec505744a89a893b07a5d247aac2765e15561bfa18cfa5a	164659	WEB-INF/lib/batik-svggen-1.6.jar
b2c15e8d94df1323622367d2459a888fb31947db0f8aa1863a9fbf05e30b5f81	81508	WEB-INF/lib/batik-util-1.6.jar
17a54aafe2415cb9ea311b84df173c718dacbacd378b1396972b6f82a97386a4	20305	WEB-INF/lib/batik-xml-1.6.jar
e8c9ad7d90dcdcf2ee9cf38d431c3238a9bcefa66b80bf13912c61fdef29dde4	487360	WEB-INF/lib/c3p0-0.9.0.jar
590aafd0c95aa4b907c41ae79479e1553298833791a9939a85b7d879479b4bcc	2973	WEB-INF/lib/c3p0-oracle-thin-extras-0.9.0.jar
ee5b46c4c27f572850b5122d827cc868ed25dcd863a764dcdac3987a700826aa	138244	WEB-INF/lib/cewolf-1.0.jar
e77f0b091a800acd15217bbc3c3629c1af0925b55b271fc5d0586422985639bb	324238	WEB-INF/lib/cglib-nodep-2.1_3.jar
614347706df09d0190a132da6a85412442c1ac3bc042a29abc7e926abe0002a2	118810	WEB-INF/lib/commons-beanutils-1.6.1.jar
24bcaa20ccbdc7c856ce0c0aea144566943403e2e9f27bd9779cda1d76823ef4	188671	WEB-INF/lib/commons-beanutils-1.7.0.jar
dbdac3b81a1c22a1d09b8c4a1c55b00af4767bd068838651c04c2f130172a207	168760	WEB-INF/lib/commons-beanutils-core-1.7.0.jar
03818f3732617ab7a8af163e495a7566378aa5954d524558fc0f6bf51afd871c	242227	WEB-INF/lib/commons-betwixt-0.8.jar
c1547d185ba6880bcc2da261c5f7533512b6ffdbbc1898db5b793c0cb830fcf0	559366	WEB-INF/lib/commons-collections-3.1.jar
fd8813beda8e5a3dcc912b9f9944a9f33c6abf856125690092cbcb061039bdaa	121757	WEB-INF/lib/commons-dbcp-1.2.2.jar
c89d540a3323671a7b6da04b4e6d0158c21449cd419534aab63a7b867e9ef52a	139966	WEB-INF/lib/commons-digester-1.7.jar
ae9995ec412cec2a3489a0787857791b9cc784f153b4c9d0ae93e38c5f2174fa	71442	WEB-INF/lib/commons-discovery-0.2.jar
5263c9d60a380e53d0d4a9598f7109141e5683cb08fe86fa3f48b03493716af6	22379	WEB-INF/lib/commons-fileupload-1.0.jar
2ded7343dc8e57decd5e6302337139be020fdd885a2935925e8d575975e480b9	207723	WEB-INF/lib/commons-lang-2.1.jar
9e8d01f172301b966f1f404aa6fc0bdbec478ae9197256ad95bfcad1ef927601	52915	WEB-INF/lib/commons-logging-1.1.jar
d60a385ba0febae78aaf050ab823390146289a70f1386828bf650a53933e22bf	95923	WEB-INF/lib/commons-pool-1.5.jar
1b5850d8710344158193a8082cdd03164ebc6a6fefcaf1824f7e4035b2b000f5	38363	WEB-INF/lib/commons-resources.jar
80c8c0f1daae6bee6120b7c3c1b905a82a0b81687d502141fa68de09e7a32e03	22146	WEB-INF/lib/commons-services.jar
cbc59ea6ab683d232364ecb9b5d2576f39c782a219e93e3f0769d50345999ba9	84462	WEB-INF/lib/commons-validator-1.1.4.jar
7ca2674fbf9263e014b7c993b2796df06b878a3f32087dc16c496fdaa84cb6d3	179605	WEB-INF/lib/displaytag-1.0.jar
593552ffea3c5823c6602478b5002a7c525fd904a3c44f1abe4065c22edfac73	313898	WEB-INF/lib/dom4j-1.6.1.jar
d234073597b1468147f321fb097f6c4b975316a40f9d646ba2d084b366318c2f	208048	WEB-INF/lib/ehcache-1.2.3.jar
b9abf4d76da72dc06a24399ebd9e55a7ab2e58d53ca766e7fd562c32fde45464	71283	WEB-INF/lib/hibernate-commons-annotations-3.2.0.Final.jar
ee92a55c5c698ea9fe1b302ef7961217d0e61d04063eb3bdbe5278370ac40a29	3113051	WEB-INF/lib/hibernate-core-3.6.5.Final.jar
7ef387dc1f64ee62f938a24eb757f66d6196128a88b1fe2f848e3b753a8d597b	100884	WEB-INF/lib/hibernate-jpa-2.0-api-1.0.0.Final.jar
f7824aa04d9094e501967259194515586ef3aa34ae36af3a129718dc005404b9	1373613	WEB-INF/lib/hsqldb-2.2.4.jar
50767b66c889fab9765e88054547818ec6580b0dc97a7fadbb9e146efcb441a8	696431	WEB-INF/lib/itext-1.01.jar
03609a4f8117a6daf9462ef086748139cc02da945b3fac2b870747dcc34711b4	23031	WEB-INF/lib/itext-xml-1.01.jar
50efe3235ad73c622b9b4f5b1a7d064930f3599c338ea866ac7e10c6f2bbbe48	207557	WEB-INF/lib/jackson-core-asl-1.7.4.jar
d23f3a14cefd1e0d477309edcb0b76c54fdc789184b728c91c1ed8aa790b7d29	17872	WEB-INF/lib/jackson-jaxrs-1.7.4.jar
ff27e2f336564c6c425b5c946c8e08b32be84480b45775b4c94510501afcfe67	629861	WEB-INF/lib/jackson-mapper-asl-1.7.4.jar
07d1931eab4ffdea30e3fd10b1a2f527fc881789c0692d4cdfd158c623ec5ff7	65368	WEB-INF/lib/jakarta-oro__V2.0.6.jar
2a7acac41ef5ffb05a2b940ad24a00df6a6bd0b3e3928eaa37b543616b87c830	848453	WEB-INF/lib/jasperreports-1.0.2.jar
1402440d8772822534a2690716eed6d235d0f0adc5e7612e6fe4f69cc9113e14	593959	WEB-INF/lib/javassist-3.8.0.GA.jar
6743c2793531867993fb61af6e748bb42b31fd5274d5159140fe4781ab5a79b2	32062	WEB-INF/lib/jaxrpc.jar
9204365f0b91953edb1dfb20f981106f32cc4c329e61089d6af76c3d843d5a5d	258144	WEB-INF/lib/jcifs-1.0.1.jar
53327db623d2f3fb91de2c48414444fec6d3988d79a75a328d4d39c5d1b3c047	296672	WEB-INF/lib/jcommon-1.0.0.jar
91f7605ec246ca2b9f1b6df329a0db9e3bf89d8c6a26784a762093e3983defd3	6727	WEB-INF/lib/jdbc-stdext-2.0.jar
07395e84b852055f1b7e813d7b6beda87c79d3d89407ef62bb422bd3b29655e3	127118	WEB-INF/lib/jdom-0.7.jar
d80c33eeb2718a52fc85d1a1d77721972744df4c54271ed7450060df6eac38f8	344137	WEB-INF/lib/jersey-core-1.1.5.jar
231db27d4157e8c944d1633c7a65b02b0839ddcafc959d7e848ca29730bf9391	580765	WEB-INF/lib/jersey-server-1.1.5.jar
adf0b07bb070ad700a468498d0f8b86b47a790da9ada09cd83eae8d432020f37	17079	WEB-INF/lib/jersey-spring-1.5.jar
0d805285155be6ada2c04157876a6abc71ce06dfa7ef0db96def03d4e3b176e8	676850	WEB-INF/lib/jetty-5.1.10.jar
4fda1bbd4b8200c5d85e03c7e9fda79b7a6e5277424650c9c88cc4d5c07ba9c0	1360956	WEB-INF/lib/jfreechart-1.0.11.jar
ab1534b73b5fa055808e6598a5e73b599ccda28c3159c3c0908977809422ee4a	46367	WEB-INF/lib/jsr311-api-1.1.1.jar
11625cc4f64165de32eba059e310a7b7caf89dfa3e4c34432a222833320d9208	20682	WEB-INF/lib/jstl-1.1.2.jar
b8ec163b4a47bad16f9a0b7d03c3210c6b0a29216d768031073ac20817c0ba50	15071	WEB-INF/lib/jta-1.1.jar
5807e8f12110e16669ef2cb51983c3fd4893d2a8cf59022879d048095a5cbf89	899193	WEB-INF/lib/liquibase-core-2.0.1.jar
9f5f5799707881451a39c1b2dd22b4e43b97a80698db7daf1c9697f545e24387	391834	WEB-INF/lib/log4j-1.2.15.jar
7ea93b4fc21f3d05ed224b168a025f864db75ddfddc2343e1ec29a386d7501e0	72150	WEB-INF/lib/logkit-1.0.1.jar
1013bdb70140467ef9a1d7dd9d1b71d4e82e6a27f361be41b4598a3c1b1a9f12	462097	WEB-INF/lib/mail-1.4.3.jar
e56ca60e0bf467f414c80cf4d7749d10268f9e068d4051ed6d1e41c7919a3171	901708	WEB-INF/lib/mpxj-3.0.1.jar
90492c85fad7301740e2aa2c0c86d9473b04baab3cd2870f99f8955c569f671d	767492	WEB-INF/lib/mysql-connector-java-5.1.13.jar
0771a190536380f8cb63d4d070d9e2df60db047e12a1aaa6c9573f8c0fd0e5ef	13435	WEB-INF/lib/odmg-3.0.jar
e00ccdad5df7eb43fdee44232ef64602bf63807c2d133a7be83ba09fd49af26e	65261	WEB-INF/lib/oro-2.0.8.jar
dae245bfb1c2ae4d5db2c84e06dac349ac2074e1244fe70764d9fb932395ad4e	91078	WEB-INF/lib/oscore-2.2.4.jar
d7babb4b7d04b314b707d3495262e39024584e5ba4949549b01bb2f8ab66435a	106577	WEB-INF/lib/p6spy-1.3.jar
3efeb56425f2876255ec7b96a226d7bb6e11695c88736d28f468f8ae482fa3d5	1516415	WEB-INF/lib/poi-3.5-FINAL.jar
77e7449078eb915a023d26c9a3afa15be67045447442904749c2cc3474b93559	57703	WEB-INF/lib/proxytoys-0.2.1.jar
3ebd426b39d43068d7b11b165f4794804f06c7eeaa84c1a3803df106cfedd347	388716	WEB-INF/lib/quartz-1.5.2.jar
e10dc6d5bb70aaf78cf054105f6c46035b0b852b914b10dbe069e6cb2961ed33	219406	WEB-INF/lib/radeox-1.0b2-forked-22Apr2004.jar
f1f228c14942c2e75abdc7a1bea21afdce23ca14e05d295b43f318cfe6564aab	19419	WEB-INF/lib/saaj.jar
180ccd1f7c8e8d30099ddc41ae5c8b68a5710dbafe215dc5416f2e7dd240d3aa	133585	WEB-INF/lib/sitemesh-2.2.1.jar
d849d117fc3798838c6cd42db6a7ecf6d9ae050c3997417b8e4e251e592b1d3e	25496	WEB-INF/lib/slf4j-api-1.6.1.jar
46420a76366c5e287c8fee726f7803fc8b34dd5b528410e96bc524e7bb508477	7728	WEB-INF/lib/slf4j-jcl-1.6.1.jar
4f564aabae69f1b630be4492f166dff6f947b7df03c120bc173c0ee73db8786f	321190	WEB-INF/lib/spring-aop-3.0.5.RELEASE.jar
8cd3ef5b3bcd71a50c579502bb714ad102ed01dc842e34e1b4e6ff5aefb49668	53082	WEB-INF/lib/spring-asm-3.0.5.RELEASE.jar
ab6c3906ea07d6652633538c67014eb840b4fd57fba1fc6dc47152013dc50106	555410	WEB-INF/lib/spring-beans-3.0.5.RELEASE.jar
4546b8a428664f152c87851cff6dcc3be525b3411aec5a5fbe87e7fef052c789	668861	WEB-INF/lib/spring-context-3.0.5.RELEASE.jar
efa521bcd2b885965722a6066dc77b9c3dc32677247744876bfdaea7ad82f7c4	100870	WEB-INF/lib/spring-context-support-3.0.5.RELEASE.jar
cf80205e47e25278774f1fbdedbd1afb0813044deb4b404a7cf75b3b3d626cd9	382442	WEB-INF/lib/spring-core-3.0.5.RELEASE.jar
db6e325f067a212b0f497c62fc5d839fc8f77d31d91244e03369b402b80e38a6	169752	WEB-INF/lib/spring-expression-3.0.5.RELEASE.jar
8cb760c9d3a9e5122882f99b092bd6e6badfab87d10e23eec3d34df9c6c2e105	385712	WEB-INF/lib/spring-jdbc-3.0.5.RELEASE.jar
eda4568855db755a7b1163e884f7773cab762b909610d08380b704bb6db9608c	334327	WEB-INF/lib/spring-orm-3.0.5.RELEASE.jar
9d96dcdf5b507b7dce80b37d7b854eb4579eb4a3dab0afb334bfab3a59ce579d	31404	WEB-INF/lib/spring-struts-3.0.5.RELEASE.jar
6aa3a9716eb8b079120fca717f9cad525760abeaa199c11c6034c321a5f86a21	231922	WEB-INF/lib/spring-tx-3.0.5.RELEASE.jar
2591d05229d4827dc7999c16994cf7d11478dffa91b47d1016e569d85a2e11fb	395587	WEB-INF/lib/spring-web-3.0.5.RELEASE.jar
3332d54dcb45fc60c098b09cd790fb6d015cdb04fb208b1db1b9575d0f39a1ac	418977	WEB-INF/lib/spring-webmvc-3.0.5.RELEASE.jar
2c0048ab3ce75a202f692b159d6aa0a68edce3e4e4c5123a3359a38b29faa6b1	393259	WEB-INF/lib/standard-1.1.2.jar
8cae7b71b18492924513eef819c96aceb8edb9ad1ddddeec373328e3b95809f5	17137	WEB-INF/lib/start-6.1.17.jar
012ea94d17a7de66651597195877ab9401a7db378783ba9f85b991b7e70571fe	549876	WEB-INF/lib/struts-1.2.9.jar
bd0833e1a31429140bcf56594607e949da17d17d186dd5d613e272343bf6e2a3	51337	WEB-INF/lib/tk-autopatch-0.7.3.jar
2e329430269b6c6712b82c75a220e556bab6bb9feeeca56588b1510b18f06938	22155	WEB-INF/lib/tk-util-1.0.1.jar
e06403f9cd69033e523bec43195a2a1b6106e28c5d7d053b569ae771e9e49a62	392124	WEB-INF/lib/velocity-1.5.jar
ab2aa30ec476779ae0a9a4cc299009ecb40468c175de296ab6a866bd1249597b	517761	WEB-INF/lib/velocity-dep-1.4.jar
7729134d666f27a18ac3c674c16014624376445ec8686bfa60ac648f48b1ece8	126771	WEB-INF/lib/wsdl4j-1.5.1.jar
8232f3482c346d843e5e3fb361055771c1acc105b6d8a189eb9018c55948cf9f	109318	WEB-INF/lib/xml-apis-1.0.b2.jar
8d60778cd5018e7a130b3fb6c96a57dd9e1877b9efbf76b4b63a8dd395128eae	24677	WEB-INF/lib/xpp3_min-1.1.3.4.O.jar
823e9672b342f73a221e369e50e1fa7bc8faffb0e498fcacc025962cc4ef9cdd	261710	WEB-INF/lib/xstream-1.1.3.jar
8f613482dedcc6211e5321857335ff0b282300052f2b98a9225c94ce2fd78c36	5382	WEB-INF/log4j.dtd
9dc3e7a4932ebf3b0277606f5fc30bccdeb7bfed03ecbb4078c8058bd178d201	832	WEB-INF/mobile-security.xml
e8a515c1368fc141e528b5fe9a57a237fdebe0d28c2464bb7a05c1702d2b2268	2594	WEB-INF/mobile-struts-config.xml
a3ddb8009835dd5756032cee631aede28d29397a6d279b20defa1c83dd1c4688	1953	WEB-INF/security.xml
d1ff0f1fc4c91a9a0b7efb2d4356e62b10eed94458e95e8d5dea4dcd3be9ae41	3353	WEB-INF/server-config.wsdd
18f4d3f9121b054e533037e24a02dcf93586e533d255b144c1aa8e22e5e32b59	1520	WEB-INF/soap-security.xml
87052e3af2f503e46ac407a4010f60ebb5e91dd1a350c5549b5c88b4208ff0ce	8860	WEB-INF/struts-bean.tld
2c73352fca92e1515af82fec39613b413d6843f1aa1b1af80f20b5c46f7207b2	18085	WEB-INF/struts-config.xml
796799b77921acb894626e8519471749f13171d8946e4f52e4775ed0509c4339	73617	WEB-INF/struts-html.tld
2a692f37f7acd3614a45f02a08daa2ba786005ab2bfe8a292cde0fec59d1f8b2	14731	WEB-INF/struts-logic.tld
f570052cf4d26eed89d573aa5fa707bddce5e855005778c2ae29e695bbe8fa4f	71483	WEB-INF/struts-nested.tld
306f4ad5ab9e2d9e05fd617ed712f85a3370aec4c281e8d1f6f1a990690e98df	7842	WEB-INF/struts-tiles.tld
f1f76e739c53467b2c5acfaa58c1b4fb12ac5ba45c34323796959c8511ff3553	241	WEB-INF/sun-jaxws.xml
08e5c8fb059e360f35436ecda8cac8f9671b6b2206210d0044601d7f82c86b1e	514	WEB-INF/sun-web.xml
1c26ef13fdcec327d9d241ce47a3a3fc6276d4498f1cd9bb5af08ff369acdf17	1068	WEB-INF/tags/breadcrumb.tag
32bf1da33e9636f83624ba34ca5382648324a83fc5a3336381ee73ed7369d4f0	1549	WEB-INF/test-action-servlet.xml
44161ab26b5c96d1940d423b2e6a1e948a4fc093a1ba5af42ff296fbb83a8c62	960	WEB-INF/test-struts-config.xml
99428fcbf42835b3f38992d855783ba4d4e6ca513f60dd79d148eba9bb21acf9	1784	WEB-INF/tiles-definitions.xml
1e79bd39c8b68c09f2f23f612d60f494b921cb3fb39fd19214607102dfa90020	804	WEB-INF/tiles-pages.xml
c4cd893a730ee0ef02b52671aaec453055a0779f418aafe91f1fa60fff8584cf	10508	WEB-INF/web.xml
fa560c147cec5650bc7382a647ff0b195fd2fcf09997bcd2afd14d1a19680393	3376	WEB-INF/xplanner-db.tld
1f64bd980b9fcc8e594d8c1fdf8aa6688c894b9a4b25c13404daa52a16d7c14b	43130	WEB-INF/xplanner.tld
9c4e74bfb085f2b9d3168a9e2855a676fd772141ef43ffdf293c507093ab2b07	862	WEB-INF/xplannerplus-functions.tld
3fa7e3198f79ea24c50c7cc6bcd457e6fefa9aaeafd117e73d786c21125427d1	13708	calendar/cal.html
dd3356636e0defcc720219788dfb19c5caf191a1ed50040d26cf23a99ec56f5e	3650	calendar/calendar-blue.css
096e6f58167e3cd214d11e7c884301a75f65c63910eed7dac87cbaddf2834b24	3548	calendar/calendar-brown.css
36b6e0b2e7ae8cd3127ee13c739dc0af4936f7c727dba7270630387106d7a8b5	990	calendar/calendar-en.js
1466dba0a8632fec1b8b46dd7313b9f2da66729a89f86a285ca5dc61e5946099	1054	calendar/calendar-fr.js
9d51f06ef80cfd0d742f29b7f17494220b120130fe1e539270307c8be9cba2f4	3601	calendar/calendar-green.css
2e85585b0874d40ba60ee426567a886ed56c42fb7125dd83199ec3ed46dfb910	2105	calendar/calendar-i18n.jsp
942d9dc63f98d7d6f0320c2061c015ef6ad24471207ce7dc1f36d3302c2c969e	1057	calendar/calendar-it.js
06ee9b40c02ab3830dec66a85adc901302465709edc70826efe192d525928775	1027	calendar/calendar-ro.js
9cc7f2b0b6b7405ff3c6a06f97408294acf5d59a3ad97ccb4de4dd01cad54dcd	4901	calendar/calendar-win2k-1.css
53f41b47ecceb13df881df9386b63a87d2f63be80054da9f85888e57994dfe1f	4883	calendar/calendar-win2k-2.css
dd3bacd71e40a02488f4e9b0276884aa2eb60dd75d46f6ffdfaa2af50a2b3e7a	4883	calendar/calendar-win2k-cold-1.css
ae7f7d0e9457d3027b1fde545e471e8c55b26b41fedff185f72f85fcb57f987c	4883	calendar/calendar-win2k-cold-2.css
ed355e5d5282db05515493faf7c75ca47c42ae0e3483bcce4ada69a686d91800	24495	calendar/calendar.js
360e04bcc1fe7350e0c9710397d9c34c8b5a9ef292e6b4bb5a072b0290725f03	3898	calendar/calendarHelper.js
3041225bc47511c227168dfb42b3cdb9bfc49b73c42630594b736ab5b494959a	17273	css/base.css
0e323009e64768fee6bcff6f2dd83b3105c716358ea967c6f5024d45acadf144	7051	css/email.css
6a30ba94aef9a3d8f3e969d4ae757db2606f14e102a4ff9867d8b08f72fd9d1a	823	css/ie7.css
1cb9317b138a8805f2ce37be29bfbe5b2be0c522e6cbae6a2aec5f9fac5c8d25	1299	css/reset-min.css
81b9c1fe4f389b1a65dbc2e617b08409de5dc47d912069c8352b40f0b858cd43	3592	editTimeEntries.js
d2b12fb3690e139461979147d2070ee3afc86b12a60336a4fbd2c783895ff613	13824	files/peopleImportTemplate.xls
358b3a6471f37a17992a48864025b23f14a724aaee7a2b5b5834d59fdb6582cc	13824	files/storiesImportTemplate.xls
033cf407e4722131a27fed983d1cab56704bcd0e063dd0723e1d87c5cfa0d7bf	31992	flash/Dashboard.swf
afecda6576dfad9500ff82fd81af6fc40cad0a3e1031de1a2261145f5ee743fe	773	flash/expressInstall.swf
a9838403e329a4eeae08b8fc02e1e3677b4bb3384bf197cbabdf289cb9026066	52	images/1.gif
15073792c755d1f7d86225e0c73156d672dbe99be9581911bffe4d3cad366ce3	262	images/breadcrumb-arrow.png
560e6a8a19475e94356b4445ee8eccf47638b7b3e29640d0bd955cf13cfc8400	68	images/breadcrumb-gradient.gif
9ba6cf0b6099f32f10a70d70055fb79cd6ae88edd953e4058034db7fd21669d5	204	images/calendar.gif
03ae2d3d4768abd127d2b1742507ad43120d4497dc46b9cf40e114f380b7b16c	880	images/check.gif
764079477018cefdc158ec6c6858782ded077b08908363f7e9b3c092c5009d30	314	images/clock.gif
02605ffa408b400ec0ff27b6174c5fd705441f5b7a8ea7023aeec0f451e986e0	1538	images/clock2.png
3a2343fec591f32ea27ceed11c3fa83e6c541f09ceac10065c0eb53a4caedf14	140	images/completed_background-.png
bc16cf71ef09855a9a88b140b46e4f119df9fea4488049758197b2814a80acad	140	images/completed_background.png
815f64f91ad6eeca504a5e2c11e61652eff264cc125e751ffcbcce67781642c7	167	images/completed_background_big-.png
72db167c1a5dfd5ff8d7cbb0e5c60069e79db5322bc9a880196d400c3e420ff1	165	images/completed_background_big.png
697957635c93c4563caa7e0122be830a9d495e6959e0c4079c0a356780f5857d	1001	images/delete.png
b53d4b09df823ab7f4ae224ae489b12717bdca03b4f1c619a538178d5ab972a0	1500	images/delete1.png
d7b2d0010cdccb2564b8dd7f38a5b6052fdfd09098466bf0fad260c2a1065bd2	190	images/displaytag/arrow_down.png
f8d698bda9135c5a479f01924ec4f87000c847741ec14c779f34d163042abdb6	180	images/displaytag/arrow_off.png
4359fccb0577fdeffbb5fe36077e03b62f6c1dd65c924ac0e42978abbfe2e442	189	images/displaytag/arrow_up.png
cf3254fd63b7b04ea80e63fa2b8ce7065a509bf5f968aa9e4bd2ef4d71ccc65d	981	images/displaytag/paginazione.png
7889b9bbe52c000454d40b310b4a1b1ec89ae1d708f8bd1709c5df53a506b07e	996	images/displaytag/paginazione_ahead.png
53236d7db58803cdbce7bb2e61befdbe78d3c02d12035b07210164b3b756b448	996	images/displaytag/paginazione_back.png
f190133b71abe0af5df1733ccee8ba01fdfb5328146477567dace15c5fcd8561	2414	images/displaytag/valid-xhtml10.png
527e3d58675135e0d66c12d2aa6ac5405a9b3c104247e391da476c3e76321aa7	1242	images/edit.png
ea8b62da4081d0883cf1bd94d8dfae15993506fc04e9c8d90eab45697003f6ba	846	images/elbow.gif
53928bd488b9ba3173c60af2e93b42622d821f6feb33d8b519f2e2afebf16e19	2478	images/facebook.png
7e3d3cee9e3cbae2a390633851c79c9d5530a19a3600ea986fbaac33795d63b0	1406	images/favicon2.ico
b17ffeba1cba11fad31c268a544dd9b7be0403674664ac1c25aa8e764a6ac9f8	864	images/file.gif
104afb231d941cfd86cc2c9f9bd2988964c753fb655b283cd3535a47003eec30	859	images/folder.gif
f438f8a43378c294697b409cb6240f475f747aa9b129910962310d81ec3d640c	3383	images/greenBtn.png
16336832d2a16939273827b890a0c4e6de9d2013f57d94fa5efd2f5ae15c34aa	669	images/greenButton.png
7f6d4d3d1fba08fce43e8ae1bccae53adeb0e2f33d8685b774795d48e2a069e7	678	images/greenSmallButton.png
bbad38777876f48503a4a08de6a221e5b216e3272197cc666622ee769b2a797c	4180	images/linkedin.png
da6f80061d22b31deee0d37af98f64c1ec2afdc44dffbd2c3634274ac6f220ab	5054	images/logo.png
031dfe8aa1f3865fee9e9678cd1efbe2b5a11bd8bdba8bbb44387443db6329d7	7546	images/madhack.gif
f0ed7039f782e8097d903b3e69b4ac5a24f2d516e4bb4d92408f90cd3d696c28	1444	images/money.png
8870d21f13ad25cda0d699d034ff15183436247ac6246120bba6f257c8744be9	888	images/movecontinue.png
dc97bac69f69b0a1058f07431c201911364f17fe9f4318bc25acb41c58118220	1066	images/plus.png
2d85dc906b76e7407ab93865d4b118b8a3c5a4520e0e1bf92097b2891e86b6bb	136	images/remaining_background.png
0c7847bb8c6271a5dea7e62854946ab8568434f2db4199b912a9ada2aedac7e7	157	images/remaining_background_big.png
de7b849ce37a1e711d03eac8446611a790c92d0503eb3a254b34035771c3acde	208	images/saveOrder.png
7c5b63f7448c08b0d4341483efeb4e204bea1b155eda7d75c3a0d80cbdd68de8	142	images/search-background.png
ddac7362ce14a3a5491436d92bc16d50c23e08b4a9638cf81e564b79726855c7	989	images/search.png
127677496b22f5843ff74ff22eab52702ad6d8125dc7bf60b3b80ca470c63a33	1007	images/search_icon.png
6c17a8c15d8e3449203ff70bf11bcee85d7678d59ebd13197ee10f645dd7128e	484	images/select.png
4932522882de6507087049e649310b9db045beef8feb834657e31ea4339b0d31	47	images/spacer.gif
6e56b97272c6b3281f165bfde14eae39519c27ed5f5a5486f726b88c04afa4ca	7974	images/squaredPaper.png
64dda36d89de83147b62d8affe707bbfe5ba838a8f3f601fbb69393e78d25ff3	1092	images/started.png
d93f24218f7baba2b20845f2b4ab908e795f466007d8ea2b928020261535c1a9	340	images/status_completed.gif
e235af4f871931fe26e2843ea6f022da6def34f02fcee07614497e908e8e05d2	341	images/status_started.gif
9ba8e6416f0555b554231f5459bd1dad746fcb7fbfc1553adb462b5ae20ebc73	106	images/table-bottom-border.png
ace895d8e3b2c53c4f05fe615a32f446cada7c9570a6c6d09499ccc25133218e	156	images/table-header-gradient.gif
bfc10416385a119085ccf63f5dc9e14dcd1d4b3012e17330e38b84f55c81201b	2432	images/twitter.png
a655b9c1fa716e64105bf940f4c33133b36567cad1a425a6d0cc62e5957ebda1	134	images/uncompleted_background.png
28702c895f8d9d778ffd532d6f8d58ed84ae96d3014efc5d1f2c6a1c952df8e2	165	images/uncompleted_background_big.png
c9d3faffff1308c803492da0975f061c76b981581f8d8039bd3d65e226e9b588	150	images/uncompleted_background_big1.png
f710c6c2f55863a39d5afddf19884f9c82c85fc9e49860324210cd9913a9a827	676	images/wider.png
618c83b426e888175cf464e609ebd24b5d3aff71bf9c1cb12a644908d688fea5	1257	index.jsp
92f636ad9d56bdf0b98a02ec5a82bb960248d8647eebe04dbb5e14a24654f5d2	1133	js/chart.html
2cfaa2a058206bc2813f925b1e9330541010cb3ceca0bb855a5fcded6c14045b	101684	js/dojo/dojo.xd.js
f5d52bbf724de92e3f92f6c73709d1337383ace49b298f77fba1e08b904700ae	2000	js/dojox/charting/themes/mytheme/green.xd.js
e7d9c2e2dc9ed5ecc5d0fccb78003cd7254e299e1539fd9ad564862cd7d0a31c	1045	js/global.js
6e83ca47662c71fe890afbb447ea5a5cefb7e4ec3fc32376003143be34d5f421	995	js/iteration.js
764b9e9f3ad386aaa5cdeae9368353994de61c0bede087c8f7e3579cb443de3b	85260	js/jquery-1.5.1.min.js
3b0f474e2891ab3746f751e317f7750300b653dfa59d93248f00b6426fb7acbf	208229	js/jquery-ui-1.8.11.custom.min.js
3143a3c23f484c6ca5000e3fb5a6792b25280393089f9d7563154de8d4799e2a	6057	js/jquery.jqote2.js
5078337bf00d21687a5164646f9a0be9494d0216714ab76cdd30f4b83b145c9b	1371	js/mytheme/green.js
beda18548623ec6391b5ea1af0ed5bb6007237e18dad2da96a6b717f93b18ca4	6626	js/nifty.js
cafd612ebd6bc497a7a05d3dfef133a0b793f1e04e277b31c424d6d8892a1d48	9759	js/swfobject.js
2528d77d3a82ccd60a348d364b8b8ce3548bc5446eca04b9a26f4518cc8fc090	1405	js/tooltip.js
d12b9f74cc5efd56a059c7d0a95b6cdf0374887e8a260f916f863696af27055c	43090	overlib.js
a9c5f90e3d8fd31ed1f9e6794646e2089384d5536cbb3231730c3583b0def80d	1801	time.js
dea5745f2089101ca61a347015c2e4a9967f1d5cc3a1137f61fbdbb50e596b60	1606	toggle.js
9a8492a580bf85d3e98ae8861fbd45567e5a1f83eeafcf9574da0399d5f602ab	180	ui/images/ui-bg_flat_0_aaaaaa_40x100.png
14fe16335e0a21c681cd02b5629cf26a30dad5492e8fc313bd4a91b0626e530c	182	ui/images/ui-bg_flat_55_fbec88_40x100.png
a01fdab85ebebffa93ff73071d141ccc9ad96907b3bfeacf777271e139bd7eca	124	ui/images/ui-bg_glass_75_d0e5f5_1x400.png
0053aaaa79ecdcd48e89d0d2125e6a420e44be52c82fc48fcfaa8689d76758a8	123	ui/images/ui-bg_glass_85_dfeffc_1x400.png
f6f1c1bedf1a0f37cfef81d12f5f012869d1ee7c984775a569827a1784d34f5c	119	ui/images/ui-bg_glass_95_fef1ec_1x400.png
3129cc79ed5123d45ad0b9b7876a2d97a1be83049497ea8bcdb29de8e1cedb45	3457	ui/images/ui-bg_gloss-wave_55_5c9ccc_500x100.png
b042ff96cb3ace8a7d49f8c39bb11e065c581f67c19ff75a98a87ce2401d1ee9	104	ui/images/ui-bg_inset-hard_100_f5f8f9_1x100.png
d175ae345afe14519bca3ebe152a9f863e5116f8993a641c26f619f926436df0	88	ui/images/ui-bg_inset-hard_100_fcfdfd_1x100.png
027addbcfb8e0aed362384df7c45fbb22fbbca39f79bc412401428e5857a3ebf	4369	ui/images/ui-icons_217bc0_256x240.png
4f907b912e024625d36b8af307f1043e6ebc97074e31216175d14bb74c370dc3	4369	ui/images/ui-icons_2e83ff_256x240.png
f5afc40a1ef6eefbfc5a3a096fdd51ce0ab8af1b31b3a64caa5eb49d034b9149	4369	ui/images/ui-icons_469bdd_256x240.png
55380e58ed3ded7e334522936f36fa41165a06efe7a6120b6da630574a160aa2	4369	ui/images/ui-icons_6da8d5_256x240.png
53f9f6be37d5c395c125a53dbf39c697fc3e5fd44a5f09f0d99710910f840dd6	4369	ui/images/ui-icons_cd0a0a_256x240.png
29a84e1e88969f76ce5de9a054d9b3f884f4b315190f9c4322e2b4d6e8e545de	4369	ui/images/ui-icons_d8e7f3_256x240.png
af4abe9e647502290f0850e50f90b29855d8ce8956deeea02c14c7a24a6e48d8	4369	ui/images/ui-icons_f9bd01_256x240.png
0417e8c2230d5dcde6b69b33de9d05070a04aeae704456aa11a48312c0ec8bbc	34082	ui/jquery-ui-1.8.11.custom.css
51dad60ee7bdf156ce8f069d6de85ee97ddd4a43d3af05f09ccd10c9e11e0cdf	26728	xplanner-plus-activity.log
